timestamp,src_ip,dst_ip,src_port,dst_port,packet_size,protocol,service,label
2025-09-03 10:37:53,192.168.1.241,37.68.41.143,64118,443,623,6,https,normal
2025-09-03 10:37:53,192.168.1.181,205.146.183.226,50922,443,1324,6,https,normal
2025-09-03 10:37:53,192.168.1.51,51.66.175.113,62548,443,667,6,https,normal
2025-09-03 10:37:53,192.168.1.85,144.34.134.211,64463,110,1364,6,pop3,normal
2025-09-03 10:37:53,192.168.1.32,160.81.73.55,50144,53,146,6,dns,normal
2025-09-03 10:37:53,192.168.1.20,29.43.111.219,63705,80,1215,6,http,normal
2025-09-03 10:37:53,192.168.1.138,144.189.29.135,54943,25,480,6,smtp,normal
2025-09-03 10:37:53,192.168.1.103,207.248.83.231,63443,143,807,6,imap,normal
2025-09-03 10:37:53,192.168.1.34,204.117.243.248,56638,53,1223,6,dns,normal
2025-09-03 10:37:53,192.168.1.248,133.224.222.20,60948,110,641,6,pop3,normal
2025-09-03 10:37:53,192.168.1.234,33.250.42.88,52340,143,1443,6,imap,normal
2025-09-03 10:37:53,192.168.1.221,22.26.184.203,49553,110,221,6,pop3,normal
2025-09-03 10:37:53,192.168.1.74,5.88.182.93,61738,80,193,6,http,normal
2025-09-03 10:37:53,192.168.1.96,75.218.96.178,60219,80,1185,6,http,normal
2025-09-03 10:37:53,192.168.1.22,183.152.179.224,56465,80,61,6,http,normal
2025-09-03 10:37:53,192.168.1.138,189.199.150.7,50291,22,89,6,ssh,normal
2025-09-03 10:37:53,192.168.1.39,142.68.10.153,58365,80,460,6,http,normal
2025-09-03 10:37:53,192.168.1.190,221.254.185.225,65432,22,739,6,ssh,normal
2025-09-03 10:37:53,192.168.1.101,80.134.189.12,63671,110,588,6,pop3,normal
2025-09-03 10:37:53,192.168.1.223,139.113.89.226,56497,22,49,6,ssh,normal
2025-09-03 10:37:53,192.168.1.4,112.146.221.244,63642,443,1325,6,https,normal
2025-09-03 10:37:53,192.168.1.148,128.134.185.82,52824,22,1297,6,ssh,normal
2025-09-03 10:37:53,192.168.1.111,65.163.95.146,64070,80,878,6,http,normal
2025-09-03 10:37:53,192.168.1.138,218.27.88.50,57511,22,1432,6,ssh,normal
2025-09-03 10:37:53,192.168.1.178,118.17.10.149,57916,443,851,6,https,normal
2025-09-03 10:37:53,192.168.1.241,83.196.114.244,53633,110,761,6,pop3,normal
2025-09-03 10:37:53,192.168.1.183,86.111.102.107,61548,110,1053,6,pop3,normal
2025-09-03 10:37:53,192.168.1.175,2.148.169.90,51147,80,384,6,http,normal
2025-09-03 10:37:53,192.168.1.177,189.9.34.163,61391,443,1415,6,https,normal
2025-09-03 10:37:53,192.168.1.109,18.119.137.174,52701,22,1076,6,ssh,normal
2025-09-03 10:37:53,192.168.1.82,183.84.174.92,52271,110,269,6,pop3,normal
2025-09-03 10:37:53,192.168.1.235,93.185.96.226,64210,110,668,6,pop3,normal
2025-09-03 10:37:53,192.168.1.14,79.109.237.27,49545,80,59,6,http,normal
2025-09-03 10:37:53,192.168.1.110,6.9.145.149,59482,110,1379,6,pop3,normal
2025-09-03 10:37:53,192.168.1.236,15.38.130.37,50066,53,461,6,dns,normal
2025-09-03 10:37:53,192.168.1.231,206.223.203.255,63465,53,99,6,dns,normal
2025-09-03 10:37:53,192.168.1.184,134.119.193.235,63306,22,1499,6,ssh,normal
2025-09-03 10:37:53,192.168.1.170,43.39.45.220,56819,25,1385,6,smtp,normal
2025-09-03 10:37:53,192.168.1.240,118.254.228.139,62352,443,416,6,https,normal
2025-09-03 10:37:53,192.168.1.251,23.212.141.187,50435,22,264,6,ssh,normal
2025-09-03 10:37:53,192.168.1.143,198.104.188.211,62500,443,1147,6,https,normal
2025-09-03 10:37:53,192.168.1.147,48.168.150.23,51485,53,1285,6,dns,normal
2025-09-03 10:37:53,192.168.1.174,173.143.224.109,56878,143,808,6,imap,normal
2025-09-03 10:37:53,192.168.1.22,245.5.10.135,56516,53,1315,6,dns,normal
2025-09-03 10:37:53,192.168.1.160,83.136.167.198,51136,53,95,6,dns,normal
2025-09-03 10:37:53,192.168.1.100,231.2.213.6,60883,53,835,6,dns,normal
2025-09-03 10:37:53,192.168.1.169,22.17.40.140,54080,443,880,6,https,normal
2025-09-03 10:37:53,192.168.1.173,28.134.8.236,61680,143,918,6,imap,normal
2025-09-03 10:37:53,192.168.1.247,7.107.199.92,57976,22,716,6,ssh,normal
2025-09-03 10:37:53,192.168.1.135,43.40.97.213,51670,25,1222,6,smtp,normal
2025-09-03 10:37:53,192.168.1.91,50.255.181.156,64415,110,568,6,pop3,normal
2025-09-03 10:37:53,192.168.1.22,213.140.245.150,62653,22,1451,6,ssh,normal
2025-09-03 10:37:53,192.168.1.54,69.140.15.34,60633,25,195,6,smtp,normal
2025-09-03 10:37:53,192.168.1.33,64.152.4.216,50052,22,1285,6,ssh,normal
2025-09-03 10:37:53,192.168.1.36,237.244.34.13,59730,110,95,6,pop3,normal
2025-09-03 10:37:53,192.168.1.88,219.100.200.244,65084,53,1171,6,dns,normal
2025-09-03 10:37:53,192.168.1.210,116.54.24.118,59564,25,464,6,smtp,normal
2025-09-03 10:37:53,192.168.1.104,9.112.243.141,62928,53,629,6,dns,normal
2025-09-03 10:37:53,192.168.1.202,117.252.79.131,59075,443,728,6,https,normal
2025-09-03 10:37:53,192.168.1.254,10.40.77.57,57300,143,815,6,imap,normal
2025-09-03 10:37:53,192.168.1.193,34.60.33.122,53749,80,597,6,http,normal
2025-09-03 10:37:53,192.168.1.154,212.128.76.187,49449,143,528,6,imap,normal
2025-09-03 10:37:53,192.168.1.166,82.123.255.241,54070,53,1173,6,dns,normal
2025-09-03 10:37:53,192.168.1.12,68.6.218.245,57621,25,84,6,smtp,normal
2025-09-03 10:37:53,192.168.1.105,177.70.27.225,62369,110,1289,6,pop3,normal
2025-09-03 10:37:53,192.168.1.195,106.142.211.61,60911,143,191,6,imap,normal
2025-09-03 10:37:53,192.168.1.50,188.64.153.193,63300,53,642,6,dns,normal
2025-09-03 10:37:53,192.168.1.188,108.139.187.115,58476,143,1431,6,imap,normal
2025-09-03 10:37:53,192.168.1.223,233.58.145.66,64933,80,629,6,http,normal
2025-09-03 10:37:53,192.168.1.59,236.198.107.174,60255,443,969,6,https,normal
2025-09-03 10:37:53,192.168.1.36,68.63.167.135,53793,25,1490,6,smtp,normal
2025-09-03 10:37:53,192.168.1.228,1.13.202.172,59781,443,1102,6,https,normal
2025-09-03 10:37:53,192.168.1.11,252.223.123.216,64787,22,443,6,ssh,normal
2025-09-03 10:37:53,192.168.1.37,96.197.194.55,54769,25,1495,6,smtp,normal
2025-09-03 10:37:53,192.168.1.141,252.100.249.26,64574,80,857,6,http,normal
2025-09-03 10:37:53,192.168.1.66,46.139.186.249,53844,22,410,6,ssh,normal
2025-09-03 10:37:53,192.168.1.127,184.101.189.41,59535,443,326,6,https,normal
2025-09-03 10:37:53,192.168.1.93,54.178.48.1,56690,110,353,6,pop3,normal
2025-09-03 10:37:53,192.168.1.217,167.50.48.19,54806,22,1424,6,ssh,normal
2025-09-03 10:37:53,192.168.1.92,108.128.189.169,65315,443,1018,6,https,normal
2025-09-03 10:37:53,192.168.1.23,12.146.152.187,54980,22,1489,6,ssh,normal
2025-09-03 10:37:53,192.168.1.97,158.33.65.133,57925,22,1387,6,ssh,normal
2025-09-03 10:37:53,192.168.1.140,73.67.28.221,58734,80,192,6,http,normal
2025-09-03 10:37:53,192.168.1.197,230.253.237.145,63909,110,1398,6,pop3,normal
2025-09-03 10:37:53,192.168.1.122,115.114.153.29,63177,22,103,6,ssh,normal
2025-09-03 10:37:53,192.168.1.67,49.174.82.125,49490,25,870,6,smtp,normal
2025-09-03 10:37:53,192.168.1.169,13.189.250.163,50178,143,1067,6,imap,normal
2025-09-03 10:37:53,192.168.1.49,27.205.187.246,49350,53,206,6,dns,normal
2025-09-03 10:37:53,192.168.1.191,64.65.136.148,56719,53,460,6,dns,normal
2025-09-03 10:37:53,192.168.1.206,37.247.252.3,55229,53,349,6,dns,normal
2025-09-03 10:37:53,192.168.1.139,159.38.156.95,63215,25,1365,6,smtp,normal
2025-09-03 10:37:53,192.168.1.244,40.32.34.169,62765,80,345,6,http,normal
2025-09-03 10:37:53,192.168.1.144,97.182.27.10,63824,443,394,6,https,normal
2025-09-03 10:37:53,192.168.1.92,108.42.12.88,64369,25,905,6,smtp,normal
2025-09-03 10:37:53,192.168.1.21,99.192.57.126,58620,143,873,6,imap,normal
2025-09-03 10:37:53,192.168.1.206,42.189.248.205,58008,110,655,6,pop3,normal
2025-09-03 10:37:53,192.168.1.240,50.69.190.242,51187,143,1423,6,imap,normal
2025-09-03 10:37:53,192.168.1.162,182.198.161.201,59348,110,503,6,pop3,normal
2025-09-03 10:37:53,192.168.1.219,189.143.37.73,57872,22,318,6,ssh,normal
2025-09-03 10:37:53,192.168.1.250,150.136.230.131,59492,53,1291,6,dns,normal
2025-09-03 10:37:53,192.168.1.169,47.73.52.112,55259,443,1019,6,https,normal
2025-09-03 10:37:53,192.168.1.182,208.192.100.102,62606,80,266,6,http,normal
2025-09-03 10:37:53,192.168.1.217,206.44.242.240,62623,110,1021,6,pop3,normal
2025-09-03 10:37:53,192.168.1.209,123.181.63.149,56652,22,306,6,ssh,normal
2025-09-03 10:37:53,192.168.1.219,165.197.97.115,60655,80,47,6,http,normal
2025-09-03 10:37:53,192.168.1.189,195.33.181.209,51014,53,1236,6,dns,normal
2025-09-03 10:37:53,192.168.1.183,195.105.170.229,60184,143,814,6,imap,normal
2025-09-03 10:37:53,192.168.1.148,89.248.64.98,54629,53,426,6,dns,normal
2025-09-03 10:37:53,192.168.1.12,166.79.210.111,51407,80,802,6,http,normal
2025-09-03 10:37:53,192.168.1.40,24.18.195.219,54289,22,1476,6,ssh,normal
2025-09-03 10:37:53,192.168.1.10,151.55.115.136,49846,53,526,6,dns,normal
2025-09-03 10:37:53,192.168.1.177,104.136.150.152,62818,80,486,6,http,normal
2025-09-03 10:37:53,192.168.1.192,4.202.145.234,50062,53,967,6,dns,normal
2025-09-03 10:37:53,192.168.1.172,12.115.169.155,54907,443,1377,6,https,normal
2025-09-03 10:37:53,192.168.1.139,40.82.22.9,50512,443,790,6,https,normal
2025-09-03 10:37:53,192.168.1.187,182.30.116.23,50186,25,86,6,smtp,normal
2025-09-03 10:37:53,192.168.1.89,103.236.76.51,54382,22,1399,6,ssh,normal
2025-09-03 10:37:53,192.168.1.117,4.228.178.231,51713,25,603,6,smtp,normal
2025-09-03 10:37:53,192.168.1.79,40.45.200.177,63519,22,190,6,ssh,normal
2025-09-03 10:37:53,192.168.1.170,173.254.82.190,60971,22,172,6,ssh,normal
2025-09-03 10:37:53,192.168.1.170,71.123.161.230,49942,110,1211,6,pop3,normal
2025-09-03 10:37:53,192.168.1.50,147.62.250.131,58786,80,1246,6,http,normal
2025-09-03 10:37:53,192.168.1.153,54.39.115.53,65335,110,829,6,pop3,normal
2025-09-03 10:37:53,192.168.1.212,139.142.21.70,53122,53,1373,6,dns,normal
2025-09-03 10:37:53,192.168.1.227,183.23.133.230,56726,25,1253,6,smtp,normal
2025-09-03 10:37:53,192.168.1.78,99.160.67.41,63654,110,58,6,pop3,normal
2025-09-03 10:37:53,192.168.1.184,112.10.121.198,64042,80,930,6,http,normal
2025-09-03 10:37:53,192.168.1.169,108.88.68.214,57684,25,267,6,smtp,normal
2025-09-03 10:37:53,192.168.1.35,136.163.233.59,56791,80,298,6,http,normal
2025-09-03 10:37:53,192.168.1.206,249.236.45.150,54705,22,895,6,ssh,normal
2025-09-03 10:37:53,192.168.1.2,19.18.96.24,55755,53,337,6,dns,normal
2025-09-03 10:37:53,192.168.1.91,172.125.186.151,53266,53,1025,6,dns,normal
2025-09-03 10:37:53,192.168.1.106,23.101.228.72,51055,80,1279,6,http,normal
2025-09-03 10:37:53,192.168.1.74,11.158.82.170,57592,80,1296,6,http,normal
2025-09-03 10:37:53,192.168.1.36,169.34.10.243,60670,443,948,6,https,normal
2025-09-03 10:37:53,192.168.1.213,81.161.3.214,59519,80,997,6,http,normal
2025-09-03 10:37:53,192.168.1.170,62.152.104.64,49603,110,351,6,pop3,normal
2025-09-03 10:37:53,192.168.1.27,1.144.40.68,49615,143,155,6,imap,normal
2025-09-03 10:37:53,192.168.1.216,95.54.202.146,59143,22,1129,6,ssh,normal
2025-09-03 10:37:53,192.168.1.23,85.103.51.62,58134,22,154,6,ssh,normal
2025-09-03 10:37:53,192.168.1.99,120.168.104.37,53761,143,794,6,imap,normal
2025-09-03 10:37:53,192.168.1.177,3.41.70.114,61584,80,376,6,http,normal
2025-09-03 10:37:53,192.168.1.132,191.176.232.218,55496,110,1264,6,pop3,normal
2025-09-03 10:37:53,192.168.1.222,158.109.240.29,64025,443,43,6,https,normal
2025-09-03 10:37:53,192.168.1.98,115.23.52.82,54786,443,652,6,https,normal
2025-09-03 10:37:53,192.168.1.190,168.207.254.191,49771,110,410,6,pop3,normal
2025-09-03 10:37:53,192.168.1.205,149.104.189.98,63486,443,1068,6,https,normal
2025-09-03 10:37:53,192.168.1.131,196.39.40.110,55527,22,882,6,ssh,normal
2025-09-03 10:37:53,192.168.1.183,148.90.9.184,58849,25,593,6,smtp,normal
2025-09-03 10:37:53,192.168.1.122,227.118.82.148,50376,443,203,6,https,normal
2025-09-03 10:37:53,192.168.1.31,57.254.121.114,62969,22,1234,6,ssh,normal
2025-09-03 10:37:53,192.168.1.48,224.138.93.107,62945,143,436,6,imap,normal
2025-09-03 10:37:53,192.168.1.118,252.142.65.165,49366,110,1271,6,pop3,normal
2025-09-03 10:37:53,192.168.1.29,89.175.118.208,64213,143,1274,6,imap,normal
2025-09-03 10:37:53,192.168.1.115,110.92.113.246,57465,443,328,6,https,normal
2025-09-03 10:37:53,192.168.1.101,232.150.238.205,54057,110,483,6,pop3,normal
2025-09-03 10:37:53,192.168.1.239,140.110.147.128,58679,53,1112,6,dns,normal
2025-09-03 10:37:53,192.168.1.81,182.37.63.239,62623,80,197,6,http,normal
2025-09-03 10:37:53,192.168.1.131,199.213.197.68,55653,80,57,6,http,normal
2025-09-03 10:37:53,192.168.1.150,166.127.210.106,58585,22,1153,6,ssh,normal
2025-09-03 10:37:53,192.168.1.93,19.106.92.222,62330,53,727,6,dns,normal
2025-09-03 10:37:53,192.168.1.61,5.28.119.232,51570,22,886,6,ssh,normal
2025-09-03 10:37:53,192.168.1.143,109.170.250.101,63245,53,200,6,dns,normal
2025-09-03 10:37:53,192.168.1.110,66.231.204.120,54814,22,975,6,ssh,normal
2025-09-03 10:37:53,192.168.1.205,169.204.95.223,53689,110,71,6,pop3,normal
2025-09-03 10:37:53,192.168.1.136,207.148.223.232,58644,25,1466,6,smtp,normal
2025-09-03 10:37:53,192.168.1.58,210.29.68.54,60110,80,1243,6,http,normal
2025-09-03 10:37:53,192.168.1.5,17.24.235.9,64663,110,1002,6,pop3,normal
2025-09-03 10:37:53,192.168.1.211,152.145.94.217,59780,110,247,6,pop3,normal
2025-09-03 10:37:53,192.168.1.188,218.2.227.61,50126,80,277,6,http,normal
2025-09-03 10:37:53,192.168.1.54,158.134.63.10,49445,80,1293,6,http,normal
2025-09-03 10:37:53,192.168.1.127,24.208.42.200,64532,80,1405,6,http,normal
2025-09-03 10:37:53,192.168.1.27,219.10.22.166,55700,110,426,6,pop3,normal
2025-09-03 10:37:53,192.168.1.244,107.192.165.205,64629,143,1074,6,imap,normal
2025-09-03 10:37:53,192.168.1.28,151.77.49.174,49570,25,1453,6,smtp,normal
2025-09-03 10:37:53,192.168.1.82,147.172.103.41,51098,443,1359,6,https,normal
2025-09-03 10:37:53,192.168.1.67,255.23.171.238,54454,25,1178,6,smtp,normal
2025-09-03 10:37:53,192.168.1.87,50.219.212.192,64245,443,801,6,https,normal
2025-09-03 10:37:53,192.168.1.147,84.66.102.222,59827,110,1177,6,pop3,normal
2025-09-03 10:37:53,192.168.1.109,35.180.112.253,63085,443,314,6,https,normal
2025-09-03 10:37:53,192.168.1.76,98.38.104.130,58776,110,1475,6,pop3,normal
2025-09-03 10:37:53,192.168.1.100,118.118.13.30,63371,25,442,6,smtp,normal
2025-09-03 10:37:53,192.168.1.57,39.215.47.31,54941,53,239,6,dns,normal
2025-09-03 10:37:53,192.168.1.165,5.181.161.135,52705,143,1069,6,imap,normal
2025-09-03 10:37:53,192.168.1.100,32.210.94.77,53615,80,1367,6,http,normal
2025-09-03 10:37:53,192.168.1.178,55.97.66.80,58479,110,1368,6,pop3,normal
2025-09-03 10:37:53,192.168.1.218,206.211.139.203,57698,443,423,6,https,normal
2025-09-03 10:37:53,192.168.1.133,23.58.49.49,59405,80,1040,6,http,normal
2025-09-03 10:37:53,192.168.1.59,132.80.62.227,62436,22,1248,6,ssh,normal
2025-09-03 10:37:53,192.168.1.106,211.167.4.97,59506,22,727,6,ssh,normal
2025-09-03 10:37:53,192.168.1.209,115.176.210.219,56994,25,703,6,smtp,normal
2025-09-03 10:37:53,192.168.1.161,104.137.145.87,65256,25,1194,6,smtp,normal
2025-09-03 10:37:53,192.168.1.61,17.93.218.240,52254,80,78,6,http,normal
2025-09-03 10:37:53,192.168.1.205,161.197.136.83,61389,25,863,6,smtp,normal
2025-09-03 10:37:53,192.168.1.98,221.32.242.112,57685,22,520,6,ssh,normal
2025-09-03 10:37:53,192.168.1.159,255.156.169.159,55494,443,731,6,https,normal
2025-09-03 10:37:53,192.168.1.213,120.100.16.133,54116,80,304,6,http,normal
2025-09-03 10:37:53,192.168.1.218,7.249.247.47,56030,22,448,6,ssh,normal
2025-09-03 10:37:53,192.168.1.236,200.171.38.168,63872,53,749,6,dns,normal
2025-09-03 10:37:53,192.168.1.177,102.21.210.1,50316,143,1327,6,imap,normal
2025-09-03 10:37:53,192.168.1.76,141.8.101.38,57852,143,513,6,imap,normal
2025-09-03 10:37:53,192.168.1.147,193.23.206.94,57244,80,374,6,http,normal
2025-09-03 10:37:53,192.168.1.221,40.54.173.146,63811,22,51,6,ssh,normal
2025-09-03 10:37:53,192.168.1.151,243.170.143.182,64270,25,1475,6,smtp,normal
2025-09-03 10:37:53,192.168.1.153,13.15.145.254,64343,110,540,6,pop3,normal
2025-09-03 10:37:53,192.168.1.8,84.135.127.23,65263,143,586,6,imap,normal
2025-09-03 10:37:53,192.168.1.219,190.146.238.31,60040,110,1460,6,pop3,normal
2025-09-03 10:37:53,192.168.1.133,222.93.167.6,65276,110,327,6,pop3,normal
2025-09-03 10:37:53,192.168.1.40,156.54.28.4,57541,25,1477,6,smtp,normal
2025-09-03 10:37:53,192.168.1.134,111.54.174.150,60879,110,71,6,pop3,normal
2025-09-03 10:37:53,192.168.1.12,47.143.81.67,59472,53,1471,6,dns,normal
2025-09-03 10:37:53,192.168.1.21,10.98.182.124,50446,25,662,6,smtp,normal
2025-09-03 10:37:53,192.168.1.142,193.206.68.170,59005,443,1441,6,https,normal
2025-09-03 10:37:53,192.168.1.146,138.40.221.85,55466,53,1002,6,dns,normal
2025-09-03 10:37:53,192.168.1.215,152.88.61.17,53424,22,708,6,ssh,normal
2025-09-03 10:37:53,192.168.1.247,241.9.192.212,62617,53,207,6,dns,normal
2025-09-03 10:37:53,192.168.1.145,254.32.234.169,65039,143,1296,6,imap,normal
2025-09-03 10:37:53,192.168.1.35,56.85.103.132,56241,80,1378,6,http,normal
2025-09-03 10:37:53,192.168.1.44,190.32.239.129,56876,110,593,6,pop3,normal
2025-09-03 10:37:53,192.168.1.150,202.146.41.152,60552,25,1164,6,smtp,normal
2025-09-03 10:37:53,192.168.1.210,183.248.24.32,56114,443,1390,6,https,normal
2025-09-03 10:37:53,192.168.1.179,246.127.154.176,56252,443,323,6,https,normal
2025-09-03 10:37:53,192.168.1.244,91.7.231.223,51986,53,796,6,dns,normal
2025-09-03 10:37:53,192.168.1.165,15.31.129.115,55736,143,435,6,imap,normal
2025-09-03 10:37:53,192.168.1.43,152.99.204.123,53274,25,76,6,smtp,normal
2025-09-03 10:37:53,192.168.1.190,213.62.67.164,49459,22,1220,6,ssh,normal
2025-09-03 10:37:53,192.168.1.161,181.251.72.1,63003,143,929,6,imap,normal
2025-09-03 10:37:53,192.168.1.73,146.196.164.170,51871,143,520,6,imap,normal
2025-09-03 10:37:53,192.168.1.193,167.217.166.107,52121,25,789,6,smtp,normal
2025-09-03 10:37:53,192.168.1.140,109.229.45.71,61411,22,1119,6,ssh,normal
2025-09-03 10:37:53,192.168.1.59,69.126.198.73,52129,25,651,6,smtp,normal
2025-09-03 10:37:53,192.168.1.100,117.213.152.197,58904,110,365,6,pop3,normal
2025-09-03 10:37:53,192.168.1.30,177.235.150.101,63092,143,1379,6,imap,normal
2025-09-03 10:37:53,192.168.1.10,143.111.79.72,56498,80,510,6,http,normal
2025-09-03 10:37:53,192.168.1.199,19.127.137.234,49476,110,436,6,pop3,normal
2025-09-03 10:37:53,192.168.1.85,9.215.160.58,63511,22,1381,6,ssh,normal
2025-09-03 10:37:53,192.168.1.233,245.111.218.123,58622,143,1189,6,imap,normal
2025-09-03 10:37:53,192.168.1.69,32.118.207.121,52376,53,1191,6,dns,normal
2025-09-03 10:37:53,192.168.1.14,187.238.103.12,55023,53,1440,6,dns,normal
2025-09-03 10:37:53,192.168.1.48,78.140.128.54,49178,80,703,6,http,normal
2025-09-03 10:37:53,192.168.1.177,84.40.29.92,56753,22,651,6,ssh,normal
2025-09-03 10:37:53,192.168.1.69,11.249.15.201,61888,22,500,6,ssh,normal
2025-09-03 10:37:53,192.168.1.50,24.57.97.145,54792,80,1040,6,http,normal
2025-09-03 10:37:53,192.168.1.243,205.54.80.254,56701,110,692,6,pop3,normal
2025-09-03 10:37:53,192.168.1.162,180.97.199.110,60496,22,555,6,ssh,normal
2025-09-03 10:37:53,192.168.1.241,66.112.157.96,62466,143,306,6,imap,normal
2025-09-03 10:37:53,192.168.1.100,212.198.106.111,51988,80,716,6,http,normal
2025-09-03 10:37:53,192.168.1.25,196.85.228.195,55956,80,753,6,http,normal
2025-09-03 10:37:53,192.168.1.138,186.125.222.147,62248,25,406,6,smtp,normal
2025-09-03 10:37:53,192.168.1.88,142.244.101.98,50065,53,1013,6,dns,normal
2025-09-03 10:37:53,192.168.1.176,176.247.174.193,63006,110,1306,6,pop3,normal
2025-09-03 10:37:53,192.168.1.210,62.33.152.254,54391,25,79,6,smtp,normal
2025-09-03 10:37:53,192.168.1.235,153.5.84.171,59380,80,686,6,http,normal
2025-09-03 10:37:53,192.168.1.200,234.49.195.7,56057,53,267,6,dns,normal
2025-09-03 10:37:53,192.168.1.216,58.88.212.112,60211,110,551,6,pop3,normal
2025-09-03 10:37:53,192.168.1.135,62.167.21.179,64565,80,133,6,http,normal
2025-09-03 10:37:53,192.168.1.86,200.225.19.255,52476,80,1394,6,http,normal
2025-09-03 10:37:53,192.168.1.19,161.220.231.74,53312,25,392,6,smtp,normal
2025-09-03 10:37:53,192.168.1.105,178.54.175.242,53138,25,449,6,smtp,normal
2025-09-03 10:37:53,192.168.1.37,72.129.169.173,52364,443,481,6,https,normal
2025-09-03 10:37:53,192.168.1.166,169.153.166.8,51994,443,339,6,https,normal
2025-09-03 10:37:53,192.168.1.203,162.208.82.149,59684,110,1010,6,pop3,normal
2025-09-03 10:37:53,192.168.1.191,199.203.76.69,49631,110,1164,6,pop3,normal
2025-09-03 10:37:53,192.168.1.240,194.249.186.40,57113,110,1313,6,pop3,normal
2025-09-03 10:37:53,192.168.1.237,133.126.131.107,63147,443,95,6,https,normal
2025-09-03 10:37:53,192.168.1.94,254.64.156.9,55615,143,1354,6,imap,normal
2025-09-03 10:37:53,192.168.1.174,156.214.113.102,62313,143,646,6,imap,normal
2025-09-03 10:37:53,192.168.1.161,108.86.246.12,56264,25,773,6,smtp,normal
2025-09-03 10:37:53,192.168.1.213,253.177.53.14,58735,443,104,6,https,normal
2025-09-03 10:37:53,192.168.1.99,70.108.128.198,56814,143,1446,6,imap,normal
2025-09-03 10:37:53,192.168.1.173,7.142.88.82,61658,25,76,6,smtp,normal
2025-09-03 10:37:53,192.168.1.191,6.152.120.231,59097,25,1109,6,smtp,normal
2025-09-03 10:37:53,192.168.1.43,192.43.155.90,65493,22,224,6,ssh,normal
2025-09-03 10:37:53,192.168.1.72,224.240.33.234,49238,22,845,6,ssh,normal
2025-09-03 10:37:53,192.168.1.98,155.132.53.32,49524,110,1414,6,pop3,normal
2025-09-03 10:37:53,192.168.1.61,91.214.99.217,63237,110,1419,6,pop3,normal
2025-09-03 10:37:53,192.168.1.26,203.231.123.112,60482,80,645,6,http,normal
2025-09-03 10:37:53,192.168.1.250,178.24.129.6,50176,80,1356,6,http,normal
2025-09-03 10:37:53,192.168.1.42,16.98.216.101,57014,53,676,6,dns,normal
2025-09-03 10:37:53,192.168.1.146,190.229.83.226,63274,53,1123,6,dns,normal
2025-09-03 10:37:53,192.168.1.44,6.134.139.119,49173,110,937,6,pop3,normal
2025-09-03 10:37:53,192.168.1.60,224.56.68.19,57214,25,1032,6,smtp,normal
2025-09-03 10:37:53,192.168.1.210,28.45.161.118,60311,143,463,6,imap,normal
2025-09-03 10:37:53,192.168.1.160,29.164.82.167,64556,110,324,6,pop3,normal
2025-09-03 10:37:53,192.168.1.248,94.236.133.120,60724,80,1490,6,http,normal
2025-09-03 10:37:53,192.168.1.100,145.104.34.116,64463,110,1336,6,pop3,normal
2025-09-03 10:37:53,192.168.1.10,91.37.89.163,53131,110,818,6,pop3,normal
2025-09-03 10:37:53,192.168.1.91,187.171.35.54,64403,25,187,6,smtp,normal
2025-09-03 10:37:53,192.168.1.13,122.78.68.214,59519,443,137,6,https,normal
2025-09-03 10:37:53,192.168.1.225,220.200.236.141,60929,443,665,6,https,normal
2025-09-03 10:37:53,192.168.1.9,82.184.5.40,58139,53,927,6,dns,normal
2025-09-03 10:37:53,192.168.1.233,192.165.126.108,55658,80,70,6,http,normal
2025-09-03 10:37:53,192.168.1.150,151.3.96.238,52175,80,289,6,http,normal
2025-09-03 10:37:53,192.168.1.25,252.206.172.73,65007,53,1298,6,dns,normal
2025-09-03 10:37:53,192.168.1.217,143.125.20.128,50150,80,577,6,http,normal
2025-09-03 10:37:53,192.168.1.149,18.231.101.159,58633,22,949,6,ssh,normal
2025-09-03 10:37:53,192.168.1.115,5.73.117.17,61813,53,612,6,dns,normal
2025-09-03 10:37:53,192.168.1.13,112.69.133.55,61268,143,1473,6,imap,normal
2025-09-03 10:37:53,192.168.1.124,178.91.89.23,51249,22,329,6,ssh,normal
2025-09-03 10:37:53,192.168.1.193,178.230.199.156,57038,110,1304,6,pop3,normal
2025-09-03 10:37:53,192.168.1.38,200.89.150.157,65037,80,123,6,http,normal
2025-09-03 10:37:53,192.168.1.10,81.254.26.246,54585,443,1291,6,https,normal
2025-09-03 10:37:53,192.168.1.232,55.128.20.81,65262,443,970,6,https,normal
2025-09-03 10:37:53,192.168.1.44,9.96.165.251,56409,443,138,6,https,normal
2025-09-03 10:37:53,192.168.1.250,137.14.98.193,62111,110,367,6,pop3,normal
2025-09-03 10:37:53,192.168.1.184,233.123.186.39,62287,22,232,6,ssh,normal
2025-09-03 10:37:53,192.168.1.61,154.96.230.127,53020,110,965,6,pop3,normal
2025-09-03 10:37:53,192.168.1.41,86.113.204.226,61485,53,1143,6,dns,normal
2025-09-03 10:37:53,192.168.1.69,158.168.39.64,64991,80,278,6,http,normal
2025-09-03 10:37:53,192.168.1.29,221.179.57.52,60528,25,1041,6,smtp,normal
2025-09-03 10:37:53,192.168.1.79,197.135.204.173,60384,110,128,6,pop3,normal
2025-09-03 10:37:53,192.168.1.212,255.227.105.77,57673,443,986,6,https,normal
2025-09-03 10:37:53,192.168.1.43,98.75.9.161,61414,80,1154,6,http,normal
2025-09-03 10:37:53,192.168.1.197,189.164.192.48,60588,53,993,6,dns,normal
2025-09-03 10:37:53,192.168.1.26,134.155.247.48,61279,53,603,6,dns,normal
2025-09-03 10:37:53,192.168.1.182,127.192.38.89,50302,443,342,6,https,normal
2025-09-03 10:37:53,192.168.1.106,60.74.7.181,55421,443,598,6,https,normal
2025-09-03 10:37:53,192.168.1.31,63.104.56.124,61218,443,1111,6,https,normal
2025-09-03 10:37:53,192.168.1.75,35.235.139.174,63047,110,685,6,pop3,normal
2025-09-03 10:37:53,192.168.1.165,93.36.16.27,56794,53,1113,6,dns,normal
2025-09-03 10:37:53,192.168.1.52,61.145.175.186,60646,22,93,6,ssh,normal
2025-09-03 10:37:53,192.168.1.28,195.183.92.68,59051,443,445,6,https,normal
2025-09-03 10:37:53,192.168.1.244,189.4.14.132,56546,25,1429,6,smtp,normal
2025-09-03 10:37:53,192.168.1.175,152.37.115.194,50171,22,818,6,ssh,normal
2025-09-03 10:37:53,192.168.1.171,46.22.68.178,63350,80,68,6,http,normal
2025-09-03 10:37:53,192.168.1.207,233.33.68.252,49523,80,98,6,http,normal
2025-09-03 10:37:53,192.168.1.60,30.187.128.180,58634,22,1042,6,ssh,normal
2025-09-03 10:37:53,192.168.1.85,37.159.41.225,49369,22,850,6,ssh,normal
2025-09-03 10:37:53,192.168.1.48,179.221.224.41,64347,53,357,6,dns,normal
2025-09-03 10:37:53,192.168.1.19,127.50.187.64,49940,143,726,6,imap,normal
2025-09-03 10:37:53,192.168.1.145,6.38.77.243,57190,22,1253,6,ssh,normal
2025-09-03 10:37:53,192.168.1.64,248.181.72.158,60307,143,1006,6,imap,normal
2025-09-03 10:37:53,192.168.1.8,94.73.5.231,54270,25,1204,6,smtp,normal
2025-09-03 10:37:53,192.168.1.186,41.219.93.13,59790,443,412,6,https,normal
2025-09-03 10:37:53,192.168.1.149,176.94.167.48,53342,443,302,6,https,normal
2025-09-03 10:37:53,192.168.1.223,94.51.52.78,51009,25,1478,6,smtp,normal
2025-09-03 10:37:53,192.168.1.88,67.228.5.242,56567,53,941,6,dns,normal
2025-09-03 10:37:53,192.168.1.10,44.54.245.13,63634,80,722,6,http,normal
2025-09-03 10:37:53,192.168.1.137,112.144.45.118,54871,143,1455,6,imap,normal
2025-09-03 10:37:53,192.168.1.57,148.13.148.61,50465,22,834,6,ssh,normal
2025-09-03 10:37:53,192.168.1.57,215.251.218.94,62946,22,933,6,ssh,normal
2025-09-03 10:37:53,192.168.1.139,12.68.208.105,54851,110,1251,6,pop3,normal
2025-09-03 10:37:53,192.168.1.243,181.74.236.137,63161,110,761,6,pop3,normal
2025-09-03 10:37:53,192.168.1.31,97.101.100.132,52958,80,1123,6,http,normal
2025-09-03 10:37:53,192.168.1.141,30.208.139.50,57463,80,1405,6,http,normal
2025-09-03 10:37:53,192.168.1.223,176.19.77.76,60519,443,451,6,https,normal
2025-09-03 10:37:53,192.168.1.91,137.98.189.75,55740,143,589,6,imap,normal
2025-09-03 10:37:53,192.168.1.180,237.130.59.171,55164,22,452,6,ssh,normal
2025-09-03 10:37:53,192.168.1.146,51.140.193.119,56968,143,371,6,imap,normal
2025-09-03 10:37:53,192.168.1.29,53.157.161.227,63140,143,960,6,imap,normal
2025-09-03 10:37:53,192.168.1.194,106.1.82.152,59636,443,715,6,https,normal
2025-09-03 10:37:53,192.168.1.140,147.31.235.221,64532,110,1333,6,pop3,normal
2025-09-03 10:37:53,192.168.1.140,34.122.20.5,56920,80,47,6,http,normal
2025-09-03 10:37:53,192.168.1.188,218.197.16.185,60828,22,192,6,ssh,normal
2025-09-03 10:37:53,192.168.1.99,58.234.203.201,55331,25,1317,6,smtp,normal
2025-09-03 10:37:53,192.168.1.222,163.237.189.203,58744,25,1156,6,smtp,normal
2025-09-03 10:37:53,192.168.1.151,99.71.17.210,58468,443,955,6,https,normal
2025-09-03 10:37:53,192.168.1.161,76.2.69.196,54915,110,350,6,pop3,normal
2025-09-03 10:37:53,192.168.1.158,95.164.243.98,64542,143,461,6,imap,normal
2025-09-03 10:37:53,192.168.1.115,169.242.7.178,52494,22,1077,6,ssh,normal
2025-09-03 10:37:53,192.168.1.122,35.214.174.5,54012,53,487,6,dns,normal
2025-09-03 10:37:53,192.168.1.104,197.159.109.104,51410,22,548,6,ssh,normal
2025-09-03 10:37:53,192.168.1.207,31.18.2.171,58296,22,1086,6,ssh,normal
2025-09-03 10:37:53,192.168.1.152,48.84.158.45,49683,22,731,6,ssh,normal
2025-09-03 10:37:53,192.168.1.183,195.238.104.134,49222,443,260,6,https,normal
2025-09-03 10:37:53,192.168.1.51,204.13.226.113,52806,443,752,6,https,normal
2025-09-03 10:37:53,192.168.1.112,156.136.235.61,53387,80,1214,6,http,normal
2025-09-03 10:37:53,192.168.1.2,39.117.143.48,62420,110,1479,6,pop3,normal
2025-09-03 10:37:53,192.168.1.52,229.42.20.36,52757,110,1062,6,pop3,normal
2025-09-03 10:37:53,192.168.1.197,26.247.65.200,58211,22,582,6,ssh,normal
2025-09-03 10:37:53,192.168.1.110,160.117.244.205,63334,25,1279,6,smtp,normal
2025-09-03 10:37:53,192.168.1.161,230.238.41.60,62267,443,815,6,https,normal
2025-09-03 10:37:53,192.168.1.238,125.156.172.18,64868,53,170,6,dns,normal
2025-09-03 10:37:53,192.168.1.169,55.203.162.102,54797,80,1055,6,http,normal
2025-09-03 10:37:53,192.168.1.45,194.169.152.91,62988,143,134,6,imap,normal
2025-09-03 10:37:53,192.168.1.145,192.180.84.41,56433,22,1091,6,ssh,normal
2025-09-03 10:37:53,192.168.1.164,166.244.93.77,65059,80,71,6,http,normal
2025-09-03 10:37:53,192.168.1.220,112.208.179.176,63660,443,1387,6,https,normal
2025-09-03 10:37:53,192.168.1.169,188.29.54.241,62823,143,1435,6,imap,normal
2025-09-03 10:37:53,192.168.1.184,105.15.161.215,55726,110,929,6,pop3,normal
2025-09-03 10:37:53,192.168.1.27,240.222.92.105,53946,53,349,6,dns,normal
2025-09-03 10:37:53,192.168.1.251,98.185.46.239,64944,110,109,6,pop3,normal
2025-09-03 10:37:53,192.168.1.51,61.14.102.197,60135,25,442,6,smtp,normal
2025-09-03 10:37:53,192.168.1.124,18.104.35.146,58558,22,801,6,ssh,normal
2025-09-03 10:37:53,192.168.1.18,11.43.85.142,58637,53,322,6,dns,normal
2025-09-03 10:37:53,192.168.1.47,104.234.26.237,58423,25,587,6,smtp,normal
2025-09-03 10:37:53,192.168.1.136,107.227.170.170,65080,80,1091,6,http,normal
2025-09-03 10:37:53,192.168.1.135,184.153.12.249,54473,80,781,6,http,normal
2025-09-03 10:37:53,192.168.1.222,144.107.110.232,64741,110,731,6,pop3,normal
2025-09-03 10:37:53,192.168.1.252,178.221.171.231,64850,143,349,6,imap,normal
2025-09-03 10:37:53,192.168.1.73,152.72.88.241,54617,53,795,6,dns,normal
2025-09-03 10:37:53,192.168.1.192,86.243.91.79,60683,22,1231,6,ssh,normal
2025-09-03 10:37:53,192.168.1.116,116.144.170.54,63836,443,499,6,https,normal
2025-09-03 10:37:53,192.168.1.50,108.214.244.112,50518,443,474,6,https,normal
2025-09-03 10:37:53,192.168.1.174,217.73.213.59,65194,53,832,6,dns,normal
2025-09-03 10:37:53,192.168.1.99,36.60.235.122,54850,25,1164,6,smtp,normal
2025-09-03 10:37:53,192.168.1.86,249.96.202.227,55346,80,101,6,http,normal
2025-09-03 10:37:53,192.168.1.126,151.168.171.9,49930,22,500,6,ssh,normal
2025-09-03 10:37:53,192.168.1.21,130.155.107.234,62600,110,251,6,pop3,normal
2025-09-03 10:37:53,192.168.1.200,249.106.188.154,63456,80,1121,6,http,normal
2025-09-03 10:37:53,192.168.1.18,93.204.135.134,58371,25,1136,6,smtp,normal
2025-09-03 10:37:53,192.168.1.40,101.252.4.120,60322,80,1070,6,http,normal
2025-09-03 10:37:53,192.168.1.165,239.211.135.160,61368,53,833,6,dns,normal
2025-09-03 10:37:53,192.168.1.128,7.33.238.204,55366,80,898,6,http,normal
2025-09-03 10:37:53,192.168.1.210,222.37.157.206,62291,80,1275,6,http,normal
2025-09-03 10:37:53,192.168.1.143,114.249.227.65,57740,110,1443,6,pop3,normal
2025-09-03 10:37:53,192.168.1.166,101.16.228.35,55163,22,310,6,ssh,normal
2025-09-03 10:37:53,192.168.1.173,94.194.207.62,59087,53,370,6,dns,normal
2025-09-03 10:37:53,192.168.1.90,36.166.96.102,56040,80,581,6,http,normal
2025-09-03 10:37:53,192.168.1.219,171.185.161.190,63966,25,431,6,smtp,normal
2025-09-03 10:37:53,192.168.1.67,124.131.108.34,54707,110,776,6,pop3,normal
2025-09-03 10:37:53,192.168.1.196,224.235.186.246,54113,443,683,6,https,normal
2025-09-03 10:37:53,192.168.1.175,71.114.234.188,58720,25,1208,6,smtp,normal
2025-09-03 10:37:53,192.168.1.231,45.243.62.206,53295,22,1457,6,ssh,normal
2025-09-03 10:37:53,192.168.1.49,53.231.133.145,50225,53,1208,6,dns,normal
2025-09-03 10:37:53,192.168.1.220,13.16.206.162,49600,53,544,6,dns,normal
2025-09-03 10:37:53,192.168.1.200,199.215.84.166,63829,143,263,6,imap,normal
2025-09-03 10:37:53,192.168.1.92,212.13.169.104,52274,22,1143,6,ssh,normal
2025-09-03 10:37:53,192.168.1.77,126.218.112.243,63154,443,1261,6,https,normal
2025-09-03 10:37:53,192.168.1.224,138.61.66.251,51626,443,1083,6,https,normal
2025-09-03 10:37:53,192.168.1.228,12.136.34.36,55852,22,442,6,ssh,normal
2025-09-03 10:37:53,192.168.1.68,201.82.166.35,56261,22,774,6,ssh,normal
2025-09-03 10:37:53,192.168.1.35,130.75.67.173,64519,143,304,6,imap,normal
2025-09-03 10:37:53,192.168.1.113,81.160.18.114,58079,25,753,6,smtp,normal
2025-09-03 10:37:53,192.168.1.30,143.169.77.180,58886,110,246,6,pop3,normal
2025-09-03 10:37:53,192.168.1.177,152.156.228.49,52890,80,556,6,http,normal
2025-09-03 10:37:53,192.168.1.34,28.84.38.133,64279,22,429,6,ssh,normal
2025-09-03 10:37:53,192.168.1.149,106.74.216.145,49498,25,640,6,smtp,normal
2025-09-03 10:37:53,192.168.1.179,35.113.232.131,61136,143,270,6,imap,normal
2025-09-03 10:37:53,192.168.1.235,170.176.202.208,59827,80,1406,6,http,normal
2025-09-03 10:37:53,192.168.1.44,159.230.136.196,50350,25,860,6,smtp,normal
2025-09-03 10:37:53,192.168.1.51,253.87.50.56,55196,80,290,6,http,normal
2025-09-03 10:37:53,192.168.1.203,231.124.121.60,65236,443,1233,6,https,normal
2025-09-03 10:37:53,192.168.1.70,40.173.171.25,61644,53,775,6,dns,normal
2025-09-03 10:37:53,192.168.1.144,195.130.31.251,65210,110,867,6,pop3,normal
2025-09-03 10:37:53,192.168.1.160,50.198.43.31,63508,25,920,6,smtp,normal
2025-09-03 10:37:53,192.168.1.251,182.35.221.166,63283,110,876,6,pop3,normal
2025-09-03 10:37:53,192.168.1.38,26.223.215.163,62123,25,1207,6,smtp,normal
2025-09-03 10:37:53,192.168.1.145,64.115.201.252,57824,143,608,6,imap,normal
2025-09-03 10:37:53,192.168.1.123,189.236.41.239,63616,110,478,6,pop3,normal
2025-09-03 10:37:53,192.168.1.253,33.75.182.89,52700,110,910,6,pop3,normal
2025-09-03 10:37:53,192.168.1.248,51.225.2.187,65215,110,109,6,pop3,normal
2025-09-03 10:37:53,192.168.1.78,82.60.67.219,49591,110,973,6,pop3,normal
2025-09-03 10:37:53,192.168.1.106,243.254.133.19,54730,80,542,6,http,normal
2025-09-03 10:37:53,192.168.1.195,123.143.134.146,50351,22,508,6,ssh,normal
2025-09-03 10:37:53,192.168.1.221,9.112.142.7,62406,53,729,6,dns,normal
2025-09-03 10:37:53,192.168.1.183,178.66.210.144,63361,80,1279,6,http,normal
2025-09-03 10:37:53,192.168.1.11,160.170.118.178,49820,25,656,6,smtp,normal
2025-09-03 10:37:53,192.168.1.211,85.129.181.92,62140,25,1271,6,smtp,normal
2025-09-03 10:37:53,192.168.1.67,149.180.151.2,52083,22,369,6,ssh,normal
2025-09-03 10:37:53,192.168.1.217,253.200.192.58,53275,22,378,6,ssh,normal
2025-09-03 10:37:53,192.168.1.179,25.132.90.186,53646,143,105,6,imap,normal
2025-09-03 10:37:53,192.168.1.79,251.142.135.180,49316,80,1341,6,http,normal
2025-09-03 10:37:53,192.168.1.58,187.212.239.169,62658,80,1113,6,http,normal
2025-09-03 10:37:53,192.168.1.130,179.173.106.71,58625,110,586,6,pop3,normal
2025-09-03 10:37:53,192.168.1.93,165.144.175.54,54113,22,1265,6,ssh,normal
2025-09-03 10:37:53,192.168.1.123,159.216.116.52,64702,25,973,6,smtp,normal
2025-09-03 10:37:53,192.168.1.166,201.222.65.175,61349,443,1207,6,https,normal
2025-09-03 10:37:53,192.168.1.126,82.228.64.23,56949,443,949,6,https,normal
2025-09-03 10:37:53,192.168.1.192,6.91.231.105,55252,143,1482,6,imap,normal
2025-09-03 10:37:53,192.168.1.158,142.52.160.148,54124,110,574,6,pop3,normal
2025-09-03 10:37:53,192.168.1.190,245.38.183.79,52541,22,1484,6,ssh,normal
2025-09-03 10:37:53,192.168.1.68,37.24.158.253,58807,53,929,6,dns,normal
2025-09-03 10:37:53,192.168.1.166,148.195.159.58,55216,80,925,6,http,normal
2025-09-03 10:37:53,192.168.1.139,22.50.92.138,55507,443,1045,6,https,normal
2025-09-03 10:37:53,192.168.1.3,224.122.201.169,58387,143,526,6,imap,normal
2025-09-03 10:37:53,192.168.1.221,228.112.135.18,53009,22,205,6,ssh,normal
2025-09-03 10:37:53,192.168.1.90,86.129.133.195,57521,25,1010,6,smtp,normal
2025-09-03 10:37:53,192.168.1.121,243.226.244.80,55797,143,683,6,imap,normal
2025-09-03 10:37:53,192.168.1.153,67.151.81.241,53793,80,99,6,http,normal
2025-09-03 10:37:53,192.168.1.116,243.147.175.163,64747,25,1145,6,smtp,normal
2025-09-03 10:37:53,192.168.1.127,229.10.28.50,63290,80,153,6,http,normal
2025-09-03 10:37:53,192.168.1.81,111.19.9.171,61701,80,197,6,http,normal
2025-09-03 10:37:53,192.168.1.66,199.71.70.57,50156,25,1221,6,smtp,normal
2025-09-03 10:37:53,192.168.1.91,21.95.137.182,57195,143,1100,6,imap,normal
2025-09-03 10:37:53,192.168.1.51,96.80.223.139,64184,22,1439,6,ssh,normal
2025-09-03 10:37:53,192.168.1.177,211.1.85.216,51723,143,845,6,imap,normal
2025-09-03 10:37:53,192.168.1.236,185.51.59.253,54129,80,94,6,http,normal
2025-09-03 10:37:53,192.168.1.73,177.16.202.44,59721,110,1119,6,pop3,normal
2025-09-03 10:37:53,192.168.1.253,252.37.83.96,64353,110,606,6,pop3,normal
2025-09-03 10:37:53,192.168.1.66,53.132.176.26,59314,143,686,6,imap,normal
2025-09-03 10:37:53,192.168.1.131,63.27.201.147,62146,80,1082,6,http,normal
2025-09-03 10:37:53,192.168.1.234,130.93.13.218,60802,22,1402,6,ssh,normal
2025-09-03 10:37:53,192.168.1.138,123.17.12.98,53034,143,1447,6,imap,normal
2025-09-03 10:37:53,192.168.1.80,239.252.25.149,62411,53,554,6,dns,normal
2025-09-03 10:37:53,192.168.1.230,152.118.238.227,60383,53,1380,6,dns,normal
2025-09-03 10:37:53,192.168.1.67,162.86.96.196,52836,53,1322,6,dns,normal
2025-09-03 10:37:53,192.168.1.120,203.68.193.215,60843,25,483,6,smtp,normal
2025-09-03 10:37:53,192.168.1.197,69.76.157.199,50280,53,943,6,dns,normal
2025-09-03 10:37:53,192.168.1.12,159.74.155.53,51985,443,1279,6,https,normal
2025-09-03 10:37:53,192.168.1.96,190.49.169.44,56653,143,932,6,imap,normal
2025-09-03 10:37:53,192.168.1.195,194.209.46.26,62691,22,1015,6,ssh,normal
2025-09-03 10:37:53,192.168.1.183,145.100.145.116,56090,110,105,6,pop3,normal
2025-09-03 10:37:53,192.168.1.193,164.185.141.87,50461,110,1470,6,pop3,normal
2025-09-03 10:37:53,192.168.1.7,217.165.141.192,56418,80,344,6,http,normal
2025-09-03 10:37:53,192.168.1.80,243.218.200.137,57919,22,705,6,ssh,normal
2025-09-03 10:37:53,192.168.1.183,160.99.209.9,61818,143,1247,6,imap,normal
2025-09-03 10:37:53,192.168.1.229,65.77.73.8,56046,80,1009,6,http,normal
2025-09-03 10:37:53,192.168.1.139,247.210.154.31,64716,143,898,6,imap,normal
2025-09-03 10:37:53,192.168.1.189,214.84.75.39,62613,53,1409,6,dns,normal
2025-09-03 10:37:53,192.168.1.60,181.153.247.45,51395,25,741,6,smtp,normal
2025-09-03 10:37:53,192.168.1.143,212.145.180.191,57890,80,1251,6,http,normal
2025-09-03 10:37:53,192.168.1.97,110.234.253.137,58673,443,232,6,https,normal
2025-09-03 10:37:53,192.168.1.149,70.104.111.94,56484,443,1011,6,https,normal
2025-09-03 10:37:53,192.168.1.242,208.251.181.195,64959,53,227,6,dns,normal
2025-09-03 10:37:53,192.168.1.160,184.64.167.132,53939,143,355,6,imap,normal
2025-09-03 10:37:53,192.168.1.184,246.114.143.238,63581,22,885,6,ssh,normal
2025-09-03 10:37:53,192.168.1.151,55.35.247.212,51581,53,1454,6,dns,normal
2025-09-03 10:37:53,192.168.1.65,40.175.203.112,54620,80,368,6,http,normal
2025-09-03 10:37:53,192.168.1.152,229.175.30.122,63439,53,858,6,dns,normal
2025-09-03 10:37:53,192.168.1.17,126.187.61.51,56709,443,1066,6,https,normal
2025-09-03 10:37:53,192.168.1.191,127.202.42.6,58653,53,1013,6,dns,normal
2025-09-03 10:37:53,192.168.1.142,222.169.169.181,61084,22,88,6,ssh,normal
2025-09-03 10:37:53,192.168.1.71,98.185.34.248,58191,53,1369,6,dns,normal
2025-09-03 10:37:53,192.168.1.186,151.218.182.210,55758,25,158,6,smtp,normal
2025-09-03 10:37:53,192.168.1.72,22.69.31.122,52111,443,1268,6,https,normal
2025-09-03 10:37:53,192.168.1.28,90.242.91.32,50141,143,238,6,imap,normal
2025-09-03 10:37:53,192.168.1.105,137.15.99.8,53288,443,133,6,https,normal
2025-09-03 10:37:53,192.168.1.121,89.181.27.82,63045,25,846,6,smtp,normal
2025-09-03 10:37:53,192.168.1.55,32.250.172.25,63483,22,1373,6,ssh,normal
2025-09-03 10:37:53,192.168.1.220,178.164.48.223,51265,110,825,6,pop3,normal
2025-09-03 10:37:53,192.168.1.61,58.220.166.232,65462,143,344,6,imap,normal
2025-09-03 10:37:53,192.168.1.7,47.109.195.210,62152,110,577,6,pop3,normal
2025-09-03 10:37:53,192.168.1.31,29.144.190.247,63772,22,1285,6,ssh,normal
2025-09-03 10:37:53,192.168.1.223,207.110.254.251,63486,22,1328,6,ssh,normal
2025-09-03 10:37:53,192.168.1.235,180.87.55.102,63010,22,562,6,ssh,normal
2025-09-03 10:37:53,192.168.1.126,246.117.95.95,56969,53,183,6,dns,normal
2025-09-03 10:37:53,192.168.1.168,244.54.57.90,49385,25,87,6,smtp,normal
2025-09-03 10:37:53,192.168.1.252,171.156.124.189,57075,53,597,6,dns,normal
2025-09-03 10:37:53,192.168.1.94,144.156.149.245,50153,53,994,6,dns,normal
2025-09-03 10:37:53,192.168.1.86,129.152.201.161,61428,110,44,6,pop3,normal
2025-09-03 10:37:53,192.168.1.217,107.81.149.173,55499,80,1107,6,http,normal
2025-09-03 10:37:53,192.168.1.206,191.209.226.126,64235,443,812,6,https,normal
2025-09-03 10:37:53,192.168.1.28,141.54.6.186,58047,443,1268,6,https,normal
2025-09-03 10:37:53,192.168.1.32,84.213.15.104,58123,443,1427,6,https,normal
2025-09-03 10:37:53,192.168.1.41,17.87.223.177,61175,443,423,6,https,normal
2025-09-03 10:37:53,192.168.1.129,157.219.153.206,51654,22,1232,6,ssh,normal
2025-09-03 10:37:53,192.168.1.82,203.113.107.139,54109,22,201,6,ssh,normal
2025-09-03 10:37:53,192.168.1.249,229.252.73.95,61166,80,1183,6,http,normal
2025-09-03 10:37:53,192.168.1.168,148.130.120.88,62692,53,1157,6,dns,normal
2025-09-03 10:37:53,192.168.1.136,217.159.30.145,57389,22,1106,6,ssh,normal
2025-09-03 10:37:53,192.168.1.146,223.24.5.217,56032,443,844,6,https,normal
2025-09-03 10:37:53,192.168.1.141,89.31.188.193,62677,143,340,6,imap,normal
2025-09-03 10:37:53,192.168.1.158,21.68.5.253,60032,53,728,6,dns,normal
2025-09-03 10:37:53,192.168.1.23,209.83.174.121,55423,53,1420,6,dns,normal
2025-09-03 10:37:53,192.168.1.235,145.80.41.149,54171,53,1209,6,dns,normal
2025-09-03 10:37:53,192.168.1.69,250.53.22.203,51364,143,471,6,imap,normal
2025-09-03 10:37:53,192.168.1.48,243.36.84.149,64930,443,893,6,https,normal
2025-09-03 10:37:53,192.168.1.176,113.204.14.171,59925,443,1212,6,https,normal
2025-09-03 10:37:53,192.168.1.46,160.66.40.70,59277,53,949,6,dns,normal
2025-09-03 10:37:53,192.168.1.152,130.47.183.220,54427,443,749,6,https,normal
2025-09-03 10:37:53,192.168.1.6,72.95.17.60,51662,443,1201,6,https,normal
2025-09-03 10:37:53,192.168.1.241,110.202.127.98,60133,80,419,6,http,normal
2025-09-03 10:37:53,192.168.1.225,24.4.179.79,53351,110,470,6,pop3,normal
2025-09-03 10:37:53,192.168.1.209,13.136.176.103,54582,25,1473,6,smtp,normal
2025-09-03 10:37:53,192.168.1.227,113.214.92.111,49938,22,1032,6,ssh,normal
2025-09-03 10:37:53,192.168.1.70,126.200.218.214,64409,25,447,6,smtp,normal
2025-09-03 10:37:53,192.168.1.171,124.70.85.112,56302,443,210,6,https,normal
2025-09-03 10:37:53,192.168.1.148,140.110.251.125,62688,110,961,6,pop3,normal
2025-09-03 10:37:53,192.168.1.138,1.32.43.205,53413,443,522,6,https,normal
2025-09-03 10:37:53,192.168.1.224,118.214.229.131,57247,80,1372,6,http,normal
2025-09-03 10:37:53,192.168.1.145,25.247.208.219,55942,143,1498,6,imap,normal
2025-09-03 10:37:53,192.168.1.190,68.117.27.36,55239,80,195,6,http,normal
2025-09-03 10:37:53,192.168.1.115,108.232.145.91,60982,22,466,6,ssh,normal
2025-09-03 10:37:53,192.168.1.13,158.59.158.194,61498,110,356,6,pop3,normal
2025-09-03 10:37:53,192.168.1.78,190.235.46.252,56088,80,684,6,http,normal
2025-09-03 10:37:53,192.168.1.220,51.198.112.134,62909,143,387,6,imap,normal
2025-09-03 10:37:53,192.168.1.216,248.197.118.249,62574,53,1456,6,dns,normal
2025-09-03 10:37:53,192.168.1.2,131.144.100.119,49697,80,903,6,http,normal
2025-09-03 10:37:53,192.168.1.186,65.135.142.108,54720,25,738,6,smtp,normal
2025-09-03 10:37:53,192.168.1.168,18.89.117.56,54151,80,1343,6,http,normal
2025-09-03 10:37:53,192.168.1.191,226.99.163.157,57321,53,1231,6,dns,normal
2025-09-03 10:37:53,192.168.1.227,99.34.199.89,62623,443,1390,6,https,normal
2025-09-03 10:37:53,192.168.1.160,151.47.153.156,62890,22,372,6,ssh,normal
2025-09-03 10:37:53,192.168.1.114,156.4.176.240,54709,22,1019,6,ssh,normal
2025-09-03 10:37:53,192.168.1.19,97.252.152.75,53292,443,855,6,https,normal
2025-09-03 10:37:53,192.168.1.187,136.90.254.83,54186,53,1014,6,dns,normal
2025-09-03 10:37:53,192.168.1.124,15.189.202.76,58694,143,665,6,imap,normal
2025-09-03 10:37:53,192.168.1.72,141.88.231.72,49468,22,153,6,ssh,normal
2025-09-03 10:37:53,192.168.1.23,147.143.128.67,53342,143,963,6,imap,normal
2025-09-03 10:37:53,192.168.1.2,117.183.87.183,52087,80,1421,6,http,normal
2025-09-03 10:37:53,192.168.1.67,145.197.96.142,53929,53,197,6,dns,normal
2025-09-03 10:37:53,192.168.1.72,128.133.85.152,57296,143,108,6,imap,normal
2025-09-03 10:37:53,192.168.1.83,42.40.135.133,59690,443,883,6,https,normal
2025-09-03 10:37:53,192.168.1.83,74.54.111.42,63326,53,600,6,dns,normal
2025-09-03 10:37:53,192.168.1.184,68.238.7.133,56215,143,199,6,imap,normal
2025-09-03 10:37:53,192.168.1.33,201.193.249.36,51926,110,197,6,pop3,normal
2025-09-03 10:37:53,192.168.1.57,142.199.52.112,63318,443,1085,6,https,normal
2025-09-03 10:37:53,192.168.1.41,121.111.255.217,57173,110,1384,6,pop3,normal
2025-09-03 10:37:53,192.168.1.6,16.213.176.138,54412,143,811,6,imap,normal
2025-09-03 10:37:53,192.168.1.234,55.109.229.138,62137,80,1337,6,http,normal
2025-09-03 10:37:53,192.168.1.209,80.190.26.236,59427,25,293,6,smtp,normal
2025-09-03 10:37:53,192.168.1.75,88.131.251.155,56984,443,375,6,https,normal
2025-09-03 10:37:53,192.168.1.5,106.242.169.243,63098,22,200,6,ssh,normal
2025-09-03 10:37:53,192.168.1.146,12.25.213.3,53439,443,1083,6,https,normal
2025-09-03 10:37:53,192.168.1.197,231.178.180.173,57767,53,298,6,dns,normal
2025-09-03 10:37:53,192.168.1.105,96.42.67.229,62165,22,758,6,ssh,normal
2025-09-03 10:37:53,192.168.1.195,47.91.238.9,49964,443,492,6,https,normal
2025-09-03 10:37:53,192.168.1.78,149.239.19.55,60317,25,469,6,smtp,normal
2025-09-03 10:37:53,192.168.1.195,123.166.226.34,57787,443,1468,6,https,normal
2025-09-03 10:37:53,192.168.1.159,43.211.22.214,57763,80,590,6,http,normal
2025-09-03 10:37:53,192.168.1.77,188.194.223.57,54379,22,314,6,ssh,normal
2025-09-03 10:37:53,192.168.1.85,237.186.100.161,54371,53,1039,6,dns,normal
2025-09-03 10:37:53,192.168.1.114,69.131.85.25,58806,53,968,6,dns,normal
2025-09-03 10:37:53,192.168.1.169,33.216.212.186,60569,22,493,6,ssh,normal
2025-09-03 10:37:53,192.168.1.196,149.145.249.210,63521,80,566,6,http,normal
2025-09-03 10:37:53,192.168.1.35,162.90.230.250,56261,143,175,6,imap,normal
2025-09-03 10:37:53,192.168.1.246,47.85.247.106,55901,143,470,6,imap,normal
2025-09-03 10:37:53,192.168.1.208,98.210.67.85,62209,110,292,6,pop3,normal
2025-09-03 10:37:53,192.168.1.16,223.41.143.221,57829,143,1098,6,imap,normal
2025-09-03 10:37:53,192.168.1.59,83.237.3.152,56070,443,579,6,https,normal
2025-09-03 10:37:53,192.168.1.119,37.31.64.164,65159,110,249,6,pop3,normal
2025-09-03 10:37:53,192.168.1.27,111.131.89.1,54688,143,1011,6,imap,normal
2025-09-03 10:37:53,192.168.1.82,144.44.153.213,55824,53,1258,6,dns,normal
2025-09-03 10:37:53,192.168.1.35,100.144.224.176,57777,80,514,6,http,normal
2025-09-03 10:37:53,192.168.1.251,124.77.155.1,50638,110,1447,6,pop3,normal
2025-09-03 10:37:53,192.168.1.7,31.152.113.174,56116,80,77,6,http,normal
2025-09-03 10:37:53,192.168.1.54,109.148.202.220,64007,25,687,6,smtp,normal
2025-09-03 10:37:53,192.168.1.191,177.127.130.1,49456,53,122,6,dns,normal
2025-09-03 10:37:53,192.168.1.147,109.255.56.21,59550,22,393,6,ssh,normal
2025-09-03 10:37:53,192.168.1.10,51.251.40.26,58172,110,127,6,pop3,normal
2025-09-03 10:37:53,192.168.1.90,52.155.181.24,54589,25,919,6,smtp,normal
2025-09-03 10:37:53,192.168.1.96,146.234.60.226,61479,110,928,6,pop3,normal
2025-09-03 10:37:53,192.168.1.220,142.195.210.122,49444,143,752,6,imap,normal
2025-09-03 10:37:53,192.168.1.132,61.112.192.129,56004,53,1082,6,dns,normal
2025-09-03 10:37:53,192.168.1.234,179.93.119.251,58303,80,427,6,http,normal
2025-09-03 10:37:53,192.168.1.95,140.254.235.129,61000,22,964,6,ssh,normal
2025-09-03 10:37:53,192.168.1.156,195.26.107.251,51756,53,271,6,dns,normal
2025-09-03 10:37:53,192.168.1.207,51.77.81.73,50450,53,1131,6,dns,normal
2025-09-03 10:37:53,192.168.1.40,1.120.75.48,57584,53,990,6,dns,normal
2025-09-03 10:37:53,192.168.1.202,178.22.197.201,57798,443,241,6,https,normal
2025-09-03 10:37:53,192.168.1.42,164.193.51.89,59022,80,1369,6,http,normal
2025-09-03 10:37:53,192.168.1.203,6.32.210.85,55114,25,44,6,smtp,normal
2025-09-03 10:37:53,192.168.1.223,74.206.125.77,61413,110,504,6,pop3,normal
2025-09-03 10:37:53,192.168.1.27,54.166.123.226,56443,443,521,6,https,normal
2025-09-03 10:37:53,192.168.1.147,202.38.113.154,56607,80,592,6,http,normal
2025-09-03 10:37:53,192.168.1.74,182.154.173.25,54598,22,533,6,ssh,normal
2025-09-03 10:37:53,192.168.1.214,84.207.199.167,63093,25,370,6,smtp,normal
2025-09-03 10:37:53,192.168.1.151,165.81.219.102,55171,53,1447,6,dns,normal
2025-09-03 10:37:53,192.168.1.110,217.158.208.179,53772,53,389,6,dns,normal
2025-09-03 10:37:53,192.168.1.221,2.157.39.20,58556,143,65,6,imap,normal
2025-09-03 10:37:53,192.168.1.248,194.121.130.204,56702,80,753,6,http,normal
2025-09-03 10:37:53,192.168.1.224,21.235.18.200,61776,53,314,6,dns,normal
2025-09-03 10:37:53,192.168.1.188,108.134.192.53,52214,80,671,6,http,normal
2025-09-03 10:37:53,192.168.1.17,54.242.170.41,57510,443,1419,6,https,normal
2025-09-03 10:37:53,192.168.1.30,104.32.6.188,55797,53,320,6,dns,normal
2025-09-03 10:37:53,192.168.1.206,158.185.184.49,51293,110,1130,6,pop3,normal
2025-09-03 10:37:53,192.168.1.176,166.175.252.127,60584,22,174,6,ssh,normal
2025-09-03 10:37:53,192.168.1.86,3.114.48.83,63543,143,1419,6,imap,normal
2025-09-03 10:37:53,192.168.1.38,47.176.244.206,52495,110,58,6,pop3,normal
2025-09-03 10:37:53,192.168.1.174,29.30.125.167,53251,443,136,6,https,normal
2025-09-03 10:37:53,192.168.1.229,31.131.19.208,56266,22,410,6,ssh,normal
2025-09-03 10:37:53,192.168.1.150,2.178.83.27,58767,443,1306,6,https,normal
2025-09-03 10:37:53,192.168.1.202,137.249.98.69,53196,110,401,6,pop3,normal
2025-09-03 10:37:53,192.168.1.68,170.97.15.99,58536,80,758,6,http,normal
2025-09-03 10:37:53,192.168.1.136,5.242.106.138,64126,143,785,6,imap,normal
2025-09-03 10:37:53,192.168.1.88,134.21.86.74,63578,22,511,6,ssh,normal
2025-09-03 10:37:53,192.168.1.131,145.127.61.32,58898,80,1430,6,http,normal
2025-09-03 10:37:53,192.168.1.69,45.194.25.95,63878,22,1080,6,ssh,normal
2025-09-03 10:37:53,192.168.1.160,212.46.38.178,49623,443,651,6,https,normal
2025-09-03 10:37:53,192.168.1.166,210.52.91.52,62746,80,823,6,http,normal
2025-09-03 10:37:53,192.168.1.54,149.222.96.100,53189,53,985,6,dns,normal
2025-09-03 10:37:53,192.168.1.207,248.40.161.132,60468,80,386,6,http,normal
2025-09-03 10:37:53,192.168.1.153,174.186.162.206,64615,143,201,6,imap,normal
2025-09-03 10:37:53,192.168.1.112,154.186.187.232,60673,25,95,6,smtp,normal
2025-09-03 10:37:53,192.168.1.164,95.202.93.218,57212,53,434,6,dns,normal
2025-09-03 10:37:53,192.168.1.20,208.34.44.97,57622,80,309,6,http,normal
2025-09-03 10:37:53,192.168.1.245,97.98.219.1,49529,143,133,6,imap,normal
2025-09-03 10:37:53,192.168.1.65,9.206.38.107,63424,110,594,6,pop3,normal
2025-09-03 10:37:53,192.168.1.14,75.206.250.178,64335,53,1140,6,dns,normal
2025-09-03 10:37:53,192.168.1.131,23.121.138.226,63123,110,136,6,pop3,normal
2025-09-03 10:37:53,192.168.1.30,25.27.21.97,56697,53,515,6,dns,normal
2025-09-03 10:37:53,192.168.1.4,247.27.179.65,52282,443,1070,6,https,normal
2025-09-03 10:37:53,192.168.1.202,177.233.242.254,60253,53,433,6,dns,normal
2025-09-03 10:37:53,192.168.1.95,223.155.196.36,63626,80,1100,6,http,normal
2025-09-03 10:37:53,192.168.1.117,195.206.58.93,53430,443,246,6,https,normal
2025-09-03 10:37:53,192.168.1.200,216.8.70.135,63504,80,646,6,http,normal
2025-09-03 10:37:53,192.168.1.112,201.198.95.78,60979,22,1107,6,ssh,normal
2025-09-03 10:37:53,192.168.1.157,144.244.111.110,56033,25,794,6,smtp,normal
2025-09-03 10:37:53,192.168.1.161,248.170.8.235,60528,22,234,6,ssh,normal
2025-09-03 10:37:53,192.168.1.206,66.93.134.124,63065,143,324,6,imap,normal
2025-09-03 10:37:53,192.168.1.98,215.69.200.222,56873,22,1283,6,ssh,normal
2025-09-03 10:37:53,192.168.1.143,161.25.255.156,62546,25,1350,6,smtp,normal
2025-09-03 10:37:53,192.168.1.148,9.195.144.94,60497,80,445,6,http,normal
2025-09-03 10:37:53,192.168.1.217,253.239.80.91,58488,53,90,6,dns,normal
2025-09-03 10:37:53,192.168.1.28,148.119.41.217,55465,80,1035,6,http,normal
2025-09-03 10:37:53,192.168.1.214,75.228.217.102,61364,25,495,6,smtp,normal
2025-09-03 10:37:53,192.168.1.146,140.102.144.171,50114,80,1271,6,http,normal
2025-09-03 10:37:53,192.168.1.40,44.152.244.107,61256,53,686,6,dns,normal
2025-09-03 10:37:53,192.168.1.10,184.74.221.130,55066,443,779,6,https,normal
2025-09-03 10:37:53,192.168.1.181,69.226.50.160,65298,80,213,6,http,normal
2025-09-03 10:37:53,192.168.1.110,43.226.105.88,61371,53,1414,6,dns,normal
2025-09-03 10:37:53,192.168.1.190,65.145.186.22,59145,25,1059,6,smtp,normal
2025-09-03 10:37:53,192.168.1.13,170.3.203.227,53523,25,85,6,smtp,normal
2025-09-03 10:37:53,192.168.1.205,70.189.161.104,49609,80,93,6,http,normal
2025-09-03 10:37:53,192.168.1.121,168.217.213.196,63085,25,889,6,smtp,normal
2025-09-03 10:37:53,192.168.1.86,65.14.62.127,52824,25,1107,6,smtp,normal
2025-09-03 10:37:53,192.168.1.14,149.21.19.175,58873,25,1322,6,smtp,normal
2025-09-03 10:37:53,192.168.1.45,120.22.156.48,58179,22,1281,6,ssh,normal
2025-09-03 10:37:53,192.168.1.110,238.17.115.67,52214,25,939,6,smtp,normal
2025-09-03 10:37:53,192.168.1.72,169.86.46.160,58556,22,1205,6,ssh,normal
2025-09-03 10:37:53,192.168.1.178,38.24.242.143,53552,25,1093,6,smtp,normal
2025-09-03 10:37:53,192.168.1.41,93.92.116.178,59147,53,1124,6,dns,normal
2025-09-03 10:37:53,192.168.1.209,240.249.99.89,51940,22,1427,6,ssh,normal
2025-09-03 10:37:53,192.168.1.162,136.252.91.120,51505,53,559,6,dns,normal
2025-09-03 10:37:53,192.168.1.169,50.152.153.9,63233,53,1023,6,dns,normal
2025-09-03 10:37:53,192.168.1.65,52.50.240.11,61922,25,347,6,smtp,normal
2025-09-03 10:37:53,192.168.1.250,123.176.200.12,50852,53,1022,6,dns,normal
2025-09-03 10:37:53,192.168.1.139,237.68.186.220,63894,22,927,6,ssh,normal
2025-09-03 10:37:53,192.168.1.5,207.237.14.236,64233,25,713,6,smtp,normal
2025-09-03 10:37:53,192.168.1.92,183.204.194.210,62823,25,955,6,smtp,normal
2025-09-03 10:37:53,192.168.1.84,220.225.21.223,64189,143,1050,6,imap,normal
2025-09-03 10:37:53,192.168.1.249,161.59.69.247,64353,110,905,6,pop3,normal
2025-09-03 10:37:53,192.168.1.106,245.29.61.71,52914,53,1215,6,dns,normal
2025-09-03 10:37:53,192.168.1.250,221.198.169.230,58401,110,1125,6,pop3,normal
2025-09-03 10:37:53,192.168.1.16,150.140.244.241,53042,443,966,6,https,normal
2025-09-03 10:37:53,192.168.1.83,51.212.57.81,51940,110,222,6,pop3,normal
2025-09-03 10:37:53,192.168.1.36,223.31.150.153,60538,22,118,6,ssh,normal
2025-09-03 10:37:53,192.168.1.80,97.157.141.8,55318,22,993,6,ssh,normal
2025-09-03 10:37:53,192.168.1.138,57.125.94.221,49442,143,406,6,imap,normal
2025-09-03 10:37:53,192.168.1.218,149.159.210.206,63338,80,767,6,http,normal
2025-09-03 10:37:53,192.168.1.32,88.111.54.60,56018,110,358,6,pop3,normal
2025-09-03 10:37:53,192.168.1.244,137.21.31.227,55899,25,1165,6,smtp,normal
2025-09-03 10:37:53,192.168.1.244,214.182.40.207,61928,22,317,6,ssh,normal
2025-09-03 10:37:53,192.168.1.5,10.55.205.120,57960,53,1171,6,dns,normal
2025-09-03 10:37:53,192.168.1.87,126.223.252.216,50960,25,1207,6,smtp,normal
2025-09-03 10:37:53,192.168.1.113,209.25.61.222,52367,25,1318,6,smtp,normal
2025-09-03 10:37:53,192.168.1.101,43.44.96.125,64603,143,1308,6,imap,normal
2025-09-03 10:37:53,192.168.1.179,155.123.29.20,49199,143,1302,6,imap,normal
2025-09-03 10:37:53,192.168.1.28,239.80.110.103,65423,22,799,6,ssh,normal
2025-09-03 10:37:53,192.168.1.58,7.210.99.170,62628,80,720,6,http,normal
2025-09-03 10:37:53,192.168.1.95,182.103.197.160,62744,443,1135,6,https,normal
2025-09-03 10:37:53,192.168.1.82,133.79.255.95,57861,25,682,6,smtp,normal
2025-09-03 10:37:53,192.168.1.27,147.41.239.252,60995,110,284,6,pop3,normal
2025-09-03 10:37:53,192.168.1.75,51.215.183.131,56385,110,1389,6,pop3,normal
2025-09-03 10:37:53,192.168.1.49,171.198.86.117,57296,443,735,6,https,normal
2025-09-03 10:37:53,192.168.1.82,53.211.87.107,63967,143,560,6,imap,normal
2025-09-03 10:37:53,192.168.1.79,45.101.176.120,64795,80,1046,6,http,normal
2025-09-03 10:37:53,192.168.1.169,115.130.194.191,53933,110,499,6,pop3,normal
2025-09-03 10:37:53,192.168.1.91,86.104.156.176,59883,53,747,6,dns,normal
2025-09-03 10:37:53,192.168.1.248,201.201.52.12,58235,110,253,6,pop3,normal
2025-09-03 10:37:53,192.168.1.32,16.203.189.244,49282,25,1471,6,smtp,normal
2025-09-03 10:37:53,192.168.1.109,86.71.17.170,60590,25,734,6,smtp,normal
2025-09-03 10:37:53,192.168.1.187,139.240.102.110,57519,80,1381,6,http,normal
2025-09-03 10:37:53,192.168.1.62,68.76.43.180,57369,25,556,6,smtp,normal
2025-09-03 10:37:53,192.168.1.207,50.145.83.40,56351,80,839,6,http,normal
2025-09-03 10:37:53,192.168.1.234,26.197.75.5,60070,443,70,6,https,normal
2025-09-03 10:37:53,192.168.1.190,147.86.12.223,62726,53,932,6,dns,normal
2025-09-03 10:37:53,192.168.1.208,96.142.96.93,55394,443,695,6,https,normal
2025-09-03 10:37:53,192.168.1.31,103.229.13.188,49560,80,132,6,http,normal
2025-09-03 10:37:53,192.168.1.109,134.80.59.201,63918,110,194,6,pop3,normal
2025-09-03 10:37:53,192.168.1.100,244.203.16.78,58374,143,634,6,imap,normal
2025-09-03 10:37:53,192.168.1.143,73.171.26.202,56721,53,745,6,dns,normal
2025-09-03 10:37:53,192.168.1.137,230.179.213.200,53305,80,889,6,http,normal
2025-09-03 10:37:53,192.168.1.29,39.73.243.131,63859,110,623,6,pop3,normal
2025-09-03 10:37:53,192.168.1.150,101.159.123.240,51269,110,442,6,pop3,normal
2025-09-03 10:37:53,192.168.1.77,10.194.86.253,54023,22,1244,6,ssh,normal
2025-09-03 10:37:53,192.168.1.58,9.77.176.249,63916,25,752,6,smtp,normal
2025-09-03 10:37:53,192.168.1.142,187.6.179.231,56494,443,1463,6,https,normal
2025-09-03 10:37:53,192.168.1.103,117.59.134.240,60062,22,346,6,ssh,normal
2025-09-03 10:37:53,192.168.1.106,51.237.160.94,64674,80,1381,6,http,normal
2025-09-03 10:37:53,192.168.1.118,185.227.155.109,63873,25,1048,6,smtp,normal
2025-09-03 10:37:53,192.168.1.131,225.121.122.37,60035,143,1357,6,imap,normal
2025-09-03 10:37:53,192.168.1.80,105.214.243.190,53195,53,902,6,dns,normal
2025-09-03 10:37:53,192.168.1.18,96.98.109.209,54821,53,804,6,dns,normal
2025-09-03 10:37:53,192.168.1.81,184.12.236.86,58944,25,85,6,smtp,normal
2025-09-03 10:37:53,192.168.1.131,251.47.163.144,61940,80,846,6,http,normal
2025-09-03 10:37:53,192.168.1.88,1.34.9.108,64187,143,1263,6,imap,normal
2025-09-03 10:37:53,192.168.1.194,17.236.110.184,53503,25,1169,6,smtp,normal
2025-09-03 10:37:53,192.168.1.178,216.213.7.229,61941,22,1336,6,ssh,normal
2025-09-03 10:37:53,192.168.1.7,9.195.191.219,61703,443,1381,6,https,normal
2025-09-03 10:37:53,192.168.1.209,84.49.132.13,52481,80,329,6,http,normal
2025-09-03 10:37:53,192.168.1.186,113.151.201.22,50909,110,668,6,pop3,normal
2025-09-03 10:37:53,192.168.1.26,136.49.18.75,60880,143,345,6,imap,normal
2025-09-03 10:37:53,192.168.1.29,108.246.105.175,50313,53,278,6,dns,normal
2025-09-03 10:37:53,192.168.1.128,182.105.187.73,61092,80,750,6,http,normal
2025-09-03 10:37:53,192.168.1.181,157.203.28.144,59677,443,484,6,https,normal
2025-09-03 10:37:53,192.168.1.76,58.132.101.205,54204,80,1269,6,http,normal
2025-09-03 10:37:53,192.168.1.131,54.109.118.202,57382,443,391,6,https,normal
2025-09-03 10:37:53,192.168.1.184,117.82.193.208,62566,25,1030,6,smtp,normal
2025-09-03 10:37:53,192.168.1.6,198.168.18.62,58412,22,667,6,ssh,normal
2025-09-03 10:37:53,192.168.1.61,133.145.36.28,50660,53,142,6,dns,normal
2025-09-03 10:37:53,192.168.1.30,126.169.236.217,55973,143,1290,6,imap,normal
2025-09-03 10:37:53,192.168.1.60,166.6.86.75,49777,53,549,6,dns,normal
2025-09-03 10:37:53,192.168.1.83,8.120.115.192,62775,143,563,6,imap,normal
2025-09-03 10:37:53,192.168.1.205,208.170.131.147,60752,443,1339,6,https,normal
2025-09-03 10:37:53,192.168.1.110,90.255.52.13,54907,80,848,6,http,normal
2025-09-03 10:37:53,192.168.1.85,220.211.3.128,58035,22,124,6,ssh,normal
2025-09-03 10:37:53,192.168.1.120,210.155.87.39,56128,110,188,6,pop3,normal
2025-09-03 10:37:53,192.168.1.31,37.231.43.37,52002,25,585,6,smtp,normal
2025-09-03 10:37:53,192.168.1.222,122.30.27.69,58275,25,848,6,smtp,normal
2025-09-03 10:37:53,192.168.1.60,89.86.19.74,55477,22,995,6,ssh,normal
2025-09-03 10:37:53,192.168.1.36,197.196.158.144,61272,25,914,6,smtp,normal
2025-09-03 10:37:53,192.168.1.83,105.209.233.147,57661,110,1085,6,pop3,normal
2025-09-03 10:37:53,192.168.1.164,227.150.114.28,61759,110,778,6,pop3,normal
2025-09-03 10:37:53,192.168.1.133,6.79.120.121,63446,25,766,6,smtp,normal
2025-09-03 10:37:53,192.168.1.205,9.177.199.67,57451,110,1276,6,pop3,normal
2025-09-03 10:37:53,192.168.1.251,73.157.113.66,62663,53,1119,6,dns,normal
2025-09-03 10:37:53,192.168.1.214,186.136.240.106,50930,22,1181,6,ssh,normal
2025-09-03 10:37:53,192.168.1.96,223.103.24.196,54023,80,480,6,http,normal
2025-09-03 10:37:53,192.168.1.183,86.252.118.93,49279,53,855,6,dns,normal
2025-09-03 10:37:53,192.168.1.12,38.129.104.182,57451,22,125,6,ssh,normal
2025-09-03 10:37:53,192.168.1.136,110.185.67.237,62174,80,284,6,http,normal
2025-09-03 10:37:53,192.168.1.233,243.54.34.93,64010,22,1257,6,ssh,normal
2025-09-03 10:37:53,192.168.1.109,164.240.244.234,63978,143,268,6,imap,normal
2025-09-03 10:37:53,192.168.1.222,16.123.2.226,52125,25,753,6,smtp,normal
2025-09-03 10:37:53,192.168.1.181,172.87.223.51,49630,110,1050,6,pop3,normal
2025-09-03 10:37:53,192.168.1.100,212.147.194.225,61505,25,128,6,smtp,normal
2025-09-03 10:37:53,192.168.1.60,83.12.241.15,55477,110,210,6,pop3,normal
2025-09-03 10:37:53,192.168.1.15,61.25.77.162,50063,53,434,6,dns,normal
2025-09-03 10:37:53,192.168.1.40,55.182.16.135,61616,443,85,6,https,normal
2025-09-03 10:37:53,192.168.1.218,103.13.118.79,50867,25,987,6,smtp,normal
2025-09-03 10:37:53,192.168.1.242,254.63.251.110,51111,25,936,6,smtp,normal
2025-09-03 10:37:53,192.168.1.66,221.97.186.227,65404,22,1228,6,ssh,normal
2025-09-03 10:37:53,192.168.1.27,227.36.74.255,59066,25,1174,6,smtp,normal
2025-09-03 10:37:53,192.168.1.243,199.86.197.248,51270,25,1268,6,smtp,normal
2025-09-03 10:37:53,192.168.1.15,170.246.132.8,49443,143,188,6,imap,normal
2025-09-03 10:37:53,192.168.1.33,245.155.181.214,50394,143,831,6,imap,normal
2025-09-03 10:37:53,192.168.1.17,142.120.11.46,63884,443,829,6,https,normal
2025-09-03 10:37:53,192.168.1.51,204.47.5.27,51197,443,247,6,https,normal
2025-09-03 10:37:53,192.168.1.190,207.189.184.167,49367,22,964,6,ssh,normal
2025-09-03 10:37:53,192.168.1.193,218.212.224.221,55574,53,383,6,dns,normal
2025-09-03 10:37:53,192.168.1.168,121.81.72.229,62733,22,562,6,ssh,normal
2025-09-03 10:37:53,192.168.1.6,18.57.151.48,51822,53,633,6,dns,normal
2025-09-03 10:37:53,192.168.1.182,190.239.60.108,57601,443,1044,6,https,normal
2025-09-03 10:37:53,192.168.1.217,102.207.171.141,52867,25,1055,6,smtp,normal
2025-09-03 10:37:53,192.168.1.135,247.214.46.25,49653,25,778,6,smtp,normal
2025-09-03 10:37:53,192.168.1.53,252.150.118.242,63635,22,198,6,ssh,normal
2025-09-03 10:37:53,192.168.1.206,222.9.6.62,61148,53,1213,6,dns,normal
2025-09-03 10:37:53,192.168.1.56,202.247.194.227,65526,110,318,6,pop3,normal
2025-09-03 10:37:53,192.168.1.240,233.99.126.99,61868,443,787,6,https,normal
2025-09-03 10:37:53,192.168.1.154,206.133.73.228,62414,22,132,6,ssh,normal
2025-09-03 10:37:53,192.168.1.135,170.227.255.198,64237,25,1437,6,smtp,normal
2025-09-03 10:37:53,192.168.1.23,117.194.146.106,62646,143,1352,6,imap,normal
2025-09-03 10:37:53,192.168.1.204,72.57.70.26,61674,25,163,6,smtp,normal
2025-09-03 10:37:53,192.168.1.48,161.173.53.219,64790,25,499,6,smtp,normal
2025-09-03 10:37:53,192.168.1.216,19.167.67.97,51290,143,271,6,imap,normal
2025-09-03 10:37:53,192.168.1.94,115.244.185.216,61259,80,880,6,http,normal
2025-09-03 10:37:53,192.168.1.22,97.62.4.159,64171,80,1240,6,http,normal
2025-09-03 10:37:53,192.168.1.81,34.230.133.123,64782,53,129,6,dns,normal
2025-09-03 10:37:53,192.168.1.232,178.168.29.209,54372,110,1452,6,pop3,normal
2025-09-03 10:37:53,192.168.1.107,255.84.47.236,65390,25,223,6,smtp,normal
2025-09-03 10:37:53,192.168.1.46,94.71.165.3,58051,22,949,6,ssh,normal
2025-09-03 10:37:53,192.168.1.7,233.18.237.1,50732,143,1447,6,imap,normal
2025-09-03 10:37:53,192.168.1.160,49.54.32.246,65297,443,1458,6,https,normal
2025-09-03 10:37:53,192.168.1.123,202.229.139.62,54881,80,1163,6,http,normal
2025-09-03 10:37:53,192.168.1.119,140.212.227.121,61047,110,1488,6,pop3,normal
2025-09-03 10:37:53,192.168.1.194,213.198.174.81,51804,25,730,6,smtp,normal
2025-09-03 10:37:53,192.168.1.114,177.104.114.190,62856,25,1454,6,smtp,normal
2025-09-03 10:37:53,192.168.1.245,114.248.108.50,58918,143,1455,6,imap,normal
2025-09-03 10:37:53,192.168.1.50,198.153.20.6,64397,53,128,6,dns,normal
2025-09-03 10:37:53,192.168.1.33,220.96.48.72,53168,110,1222,6,pop3,normal
2025-09-03 10:37:53,192.168.1.210,248.229.4.134,49207,25,1164,6,smtp,normal
2025-09-03 10:37:53,192.168.1.29,214.125.65.210,53673,143,886,6,imap,normal
2025-09-03 10:37:53,192.168.1.148,74.134.6.11,53459,25,520,6,smtp,normal
2025-09-03 10:37:53,192.168.1.171,15.115.158.66,57684,110,853,6,pop3,normal
2025-09-03 10:37:53,192.168.1.196,6.122.34.90,60321,22,856,6,ssh,normal
2025-09-03 10:37:53,192.168.1.38,209.69.139.182,54159,80,1171,6,http,normal
2025-09-03 10:37:53,192.168.1.147,162.27.101.194,53289,443,1399,6,https,normal
2025-09-03 10:37:53,192.168.1.215,244.213.119.199,53673,143,790,6,imap,normal
2025-09-03 10:37:53,192.168.1.165,204.242.255.13,56021,110,736,6,pop3,normal
2025-09-03 10:37:53,192.168.1.147,20.211.164.162,58915,443,374,6,https,normal
2025-09-03 10:37:53,192.168.1.161,140.45.80.181,63308,443,355,6,https,normal
2025-09-03 10:37:53,192.168.1.153,202.57.232.135,53369,25,774,6,smtp,normal
2025-09-03 10:37:53,192.168.1.63,205.174.124.204,53154,143,1338,6,imap,normal
2025-09-03 10:37:53,192.168.1.242,240.155.220.200,60775,110,82,6,pop3,normal
2025-09-03 10:37:53,192.168.1.19,112.154.48.48,55845,443,474,6,https,normal
2025-09-03 10:37:53,192.168.1.55,168.111.49.179,51624,80,654,6,http,normal
2025-09-03 10:37:53,192.168.1.105,51.138.66.176,52996,110,558,6,pop3,normal
2025-09-03 10:37:53,192.168.1.212,236.211.41.46,56543,80,716,6,http,normal
2025-09-03 10:37:53,192.168.1.75,89.91.83.79,64334,22,90,6,ssh,normal
2025-09-03 10:37:53,192.168.1.52,6.88.186.27,55400,110,836,6,pop3,normal
2025-09-03 10:37:53,192.168.1.18,198.120.34.118,53080,22,391,6,ssh,normal
2025-09-03 10:37:53,192.168.1.155,124.177.195.14,49420,53,159,6,dns,normal
2025-09-03 10:37:53,192.168.1.48,151.199.51.113,56093,143,78,6,imap,normal
2025-09-03 10:37:53,192.168.1.185,39.241.195.191,51102,143,52,6,imap,normal
2025-09-03 10:37:53,192.168.1.127,230.67.104.230,56839,25,617,6,smtp,normal
2025-09-03 10:37:53,192.168.1.200,250.92.87.44,56680,443,689,6,https,normal
2025-09-03 10:37:53,192.168.1.120,59.87.19.121,55550,53,1265,6,dns,normal
2025-09-03 10:37:53,192.168.1.115,109.133.174.25,58859,53,1406,6,dns,normal
2025-09-03 10:37:53,192.168.1.57,226.1.25.109,56046,53,1284,6,dns,normal
2025-09-03 10:37:53,192.168.1.122,67.247.33.252,59373,143,772,6,imap,normal
2025-09-03 10:37:53,192.168.1.153,178.222.191.46,65370,53,1376,6,dns,normal
2025-09-03 10:37:53,192.168.1.42,237.104.113.194,52754,25,905,6,smtp,normal
2025-09-03 10:37:53,192.168.1.49,251.76.221.145,60401,25,1425,6,smtp,normal
2025-09-03 10:37:53,192.168.1.152,160.101.157.17,50075,143,723,6,imap,normal
2025-09-03 10:37:53,192.168.1.127,174.172.252.65,65119,53,597,6,dns,normal
2025-09-03 10:37:53,192.168.1.31,19.171.128.8,61296,53,336,6,dns,normal
2025-09-03 10:37:53,192.168.1.135,120.221.92.132,63148,53,564,6,dns,normal
2025-09-03 10:37:53,192.168.1.248,157.94.102.26,52204,22,186,6,ssh,normal
2025-09-03 10:37:53,192.168.1.91,145.60.247.105,61590,22,1078,6,ssh,normal
2025-09-03 10:37:53,192.168.1.251,2.67.88.101,49329,443,816,6,https,normal
2025-09-03 10:37:53,192.168.1.116,217.151.85.46,60391,22,311,6,ssh,normal
2025-09-03 10:37:53,192.168.1.43,122.239.235.132,61061,143,534,6,imap,normal
2025-09-03 10:37:53,192.168.1.41,228.238.199.246,64923,443,687,6,https,normal
2025-09-03 10:37:53,192.168.1.125,126.154.77.40,54535,143,719,6,imap,normal
2025-09-03 10:37:53,192.168.1.75,198.71.51.189,55835,25,610,6,smtp,normal
2025-09-03 10:37:53,192.168.1.84,7.118.52.66,63805,53,1094,6,dns,normal
2025-09-03 10:37:53,192.168.1.65,174.42.11.6,63361,53,1128,6,dns,normal
2025-09-03 10:37:53,192.168.1.27,47.142.212.211,50892,53,59,6,dns,normal
2025-09-03 10:37:53,229.209.96.18,192.168.1.1,36720,443,40,6,tcp,syn_flood
2025-09-03 10:37:53,183.210.9.189,192.168.1.1,21858,80,40,6,tcp,syn_flood
2025-09-03 10:37:53,101.200.212.170,192.168.1.1,39493,80,40,6,tcp,syn_flood
2025-09-03 10:37:53,107.249.236.227,192.168.1.1,59263,22,40,6,tcp,syn_flood
2025-09-03 10:37:53,114.146.46.132,192.168.1.1,35632,443,40,6,tcp,syn_flood
2025-09-03 10:37:53,173.156.84.119,192.168.1.1,41883,22,40,6,tcp,syn_flood
2025-09-03 10:37:53,78.230.204.100,192.168.1.1,9438,22,40,6,tcp,syn_flood
2025-09-03 10:37:53,95.120.94.134,192.168.1.1,29271,80,40,6,tcp,syn_flood
2025-09-03 10:37:53,229.75.133.61,192.168.1.1,19277,80,40,6,tcp,syn_flood
2025-09-03 10:37:53,103.50.228.252,192.168.1.1,11984,80,40,6,tcp,syn_flood
2025-09-03 10:37:53,226.43.51.101,192.168.1.1,23375,80,40,6,tcp,syn_flood
2025-09-03 10:37:53,96.16.59.166,192.168.1.1,44094,22,40,6,tcp,syn_flood
2025-09-03 10:37:53,158.126.138.231,192.168.1.1,43263,80,40,6,tcp,syn_flood
2025-09-03 10:37:53,32.205.208.110,192.168.1.1,64846,22,40,6,tcp,syn_flood
2025-09-03 10:37:53,231.113.232.11,192.168.1.1,43668,80,40,6,tcp,syn_flood
2025-09-03 10:37:53,128.180.172.252,192.168.1.1,2571,22,40,6,tcp,syn_flood
2025-09-03 10:37:53,47.2.67.105,192.168.1.1,39062,22,40,6,tcp,syn_flood
2025-09-03 10:37:53,198.170.85.127,192.168.1.1,57674,80,40,6,tcp,syn_flood
2025-09-03 10:37:53,61.76.215.140,192.168.1.1,27484,443,40,6,tcp,syn_flood
2025-09-03 10:37:53,31.149.13.191,192.168.1.1,27453,443,40,6,tcp,syn_flood
2025-09-03 10:37:53,94.41.155.206,192.168.1.1,2279,80,40,6,tcp,syn_flood
2025-09-03 10:37:53,194.32.139.221,192.168.1.1,48861,22,40,6,tcp,syn_flood
2025-09-03 10:37:53,186.212.143.239,192.168.1.1,5227,443,40,6,tcp,syn_flood
2025-09-03 10:37:53,2.74.182.126,192.168.1.1,41812,80,40,6,tcp,syn_flood
2025-09-03 10:37:53,5.49.44.125,192.168.1.1,49771,22,40,6,tcp,syn_flood
2025-09-03 10:37:53,44.120.28.254,192.168.1.1,11714,443,40,6,tcp,syn_flood
2025-09-03 10:37:53,215.145.137.189,192.168.1.1,46533,443,40,6,tcp,syn_flood
2025-09-03 10:37:53,154.105.82.225,192.168.1.1,61106,443,40,6,tcp,syn_flood
2025-09-03 10:37:53,145.146.254.31,192.168.1.1,57989,443,40,6,tcp,syn_flood
2025-09-03 10:37:53,115.35.174.145,192.168.1.1,9243,80,40,6,tcp,syn_flood
2025-09-03 10:37:53,130.11.68.177,192.168.1.1,33078,22,40,6,tcp,syn_flood
2025-09-03 10:37:53,234.161.221.100,192.168.1.1,35252,22,40,6,tcp,syn_flood
2025-09-03 10:37:53,77.171.157.134,192.168.1.1,9734,22,40,6,tcp,syn_flood
2025-09-03 10:37:53,28.212.154.48,192.168.1.1,45992,80,40,6,tcp,syn_flood
2025-09-03 10:37:53,113.128.61.234,192.168.1.1,12439,443,40,6,tcp,syn_flood
2025-09-03 10:37:53,117.52.39.186,192.168.1.1,60672,80,40,6,tcp,syn_flood
2025-09-03 10:37:53,79.245.11.30,192.168.1.1,38051,80,40,6,tcp,syn_flood
2025-09-03 10:37:53,247.63.246.190,192.168.1.1,10036,443,40,6,tcp,syn_flood
2025-09-03 10:37:53,68.167.175.128,192.168.1.1,54385,443,40,6,tcp,syn_flood
2025-09-03 10:37:53,118.78.155.2,192.168.1.1,36090,443,40,6,tcp,syn_flood
2025-09-03 10:37:53,247.107.174.129,192.168.1.1,25225,22,40,6,tcp,syn_flood
2025-09-03 10:37:53,95.227.169.129,192.168.1.1,9877,80,40,6,tcp,syn_flood
2025-09-03 10:37:53,194.150.143.119,192.168.1.1,4379,443,40,6,tcp,syn_flood
2025-09-03 10:37:53,224.186.219.173,192.168.1.1,28916,80,40,6,tcp,syn_flood
2025-09-03 10:37:53,56.179.58.165,192.168.1.1,51563,443,40,6,tcp,syn_flood
2025-09-03 10:37:53,20.50.96.75,192.168.1.1,59922,443,40,6,tcp,syn_flood
2025-09-03 10:37:53,245.179.103.207,192.168.1.1,52041,22,40,6,tcp,syn_flood
2025-09-03 10:37:53,122.168.1.15,192.168.1.1,24791,80,40,6,tcp,syn_flood
2025-09-03 10:37:53,197.251.168.129,192.168.1.1,32525,22,40,6,tcp,syn_flood
2025-09-03 10:37:53,242.231.51.111,192.168.1.1,57704,443,40,6,tcp,syn_flood
2025-09-03 10:37:53,185.130.5.253,192.168.1.251,56184,572,40,6,scan,port_scan
2025-09-03 10:37:53,91.234.36.84,192.168.1.209,47040,506,40,6,scan,port_scan
2025-09-03 10:37:53,185.130.5.253,192.168.1.137,45595,820,40,6,scan,port_scan
2025-09-03 10:37:53,91.234.36.84,192.168.1.14,14115,960,40,6,scan,port_scan
2025-09-03 10:37:53,45.227.253.108,192.168.1.249,46114,713,40,6,scan,port_scan
2025-09-03 10:37:53,91.234.36.84,192.168.1.74,27426,839,40,6,scan,port_scan
2025-09-03 10:37:53,91.234.36.84,192.168.1.116,35148,372,40,6,scan,port_scan
2025-09-03 10:37:53,185.130.5.253,192.168.1.93,45967,413,40,6,scan,port_scan
2025-09-03 10:37:53,185.130.5.253,192.168.1.134,5944,782,40,6,scan,port_scan
2025-09-03 10:37:53,45.227.253.108,192.168.1.96,22274,273,40,6,scan,port_scan
2025-09-03 10:37:53,91.234.36.84,192.168.1.131,7431,515,40,6,scan,port_scan
2025-09-03 10:37:53,185.130.5.253,192.168.1.150,19317,289,40,6,scan,port_scan
2025-09-03 10:37:53,185.130.5.253,192.168.1.57,27388,615,40,6,scan,port_scan
2025-09-03 10:37:53,185.130.5.253,192.168.1.169,61953,224,40,6,scan,port_scan
2025-09-03 10:37:53,91.234.36.84,192.168.1.109,61882,533,40,6,scan,port_scan
2025-09-03 10:37:53,91.234.36.84,192.168.1.31,33606,553,40,6,scan,port_scan
2025-09-03 10:37:53,91.234.36.84,192.168.1.234,51231,866,40,6,scan,port_scan
2025-09-03 10:37:53,185.130.5.253,192.168.1.137,4062,974,40,6,scan,port_scan
2025-09-03 10:37:53,45.227.253.108,192.168.1.129,50562,740,40,6,scan,port_scan
2025-09-03 10:37:53,45.227.253.108,192.168.1.167,30348,725,40,6,scan,port_scan
2025-09-03 10:37:53,45.227.253.108,192.168.1.83,40015,216,40,6,scan,port_scan
2025-09-03 10:37:53,185.130.5.253,192.168.1.223,22067,23,40,6,scan,port_scan
2025-09-03 10:37:53,45.227.253.108,192.168.1.102,6806,478,40,6,scan,port_scan
2025-09-03 10:37:53,91.234.36.84,192.168.1.156,20059,210,40,6,scan,port_scan
2025-09-03 10:37:53,91.234.36.84,192.168.1.100,48324,475,40,6,scan,port_scan
2025-09-03 10:37:53,91.234.36.84,192.168.1.217,12154,283,40,6,scan,port_scan
2025-09-03 10:37:53,91.234.36.84,192.168.1.90,31686,673,40,6,scan,port_scan
2025-09-03 10:37:53,45.227.253.108,192.168.1.120,10668,565,40,6,scan,port_scan
2025-09-03 10:37:53,91.234.36.84,192.168.1.105,28149,84,40,6,scan,port_scan
2025-09-03 10:37:53,185.130.5.253,192.168.1.97,9612,591,40,6,scan,port_scan
2025-09-03 10:37:53,91.234.36.84,192.168.1.102,44827,668,40,6,scan,port_scan
2025-09-03 10:37:53,185.130.5.253,192.168.1.23,58886,569,40,6,scan,port_scan
2025-09-03 10:37:53,185.130.5.253,192.168.1.173,21998,575,40,6,scan,port_scan
2025-09-03 10:37:53,45.227.253.108,192.168.1.101,15438,60,40,6,scan,port_scan
2025-09-03 10:37:53,91.234.36.84,192.168.1.76,51035,591,40,6,scan,port_scan
2025-09-03 10:37:53,91.234.36.84,192.168.1.48,42873,871,40,6,scan,port_scan
2025-09-03 10:37:53,45.227.253.108,192.168.1.181,46446,1003,40,6,scan,port_scan
2025-09-03 10:37:53,45.227.253.108,192.168.1.151,46022,352,40,6,scan,port_scan
2025-09-03 10:37:53,91.234.36.84,192.168.1.233,59128,439,40,6,scan,port_scan
2025-09-03 10:37:53,45.227.253.108,192.168.1.72,42722,543,40,6,scan,port_scan
2025-09-03 10:37:53,185.130.5.253,192.168.1.175,41940,838,40,6,scan,port_scan
2025-09-03 10:37:53,185.130.5.253,192.168.1.210,34534,819,40,6,scan,port_scan
2025-09-03 10:37:53,91.234.36.84,192.168.1.207,40560,245,40,6,scan,port_scan
2025-09-03 10:37:53,91.234.36.84,192.168.1.69,4951,267,40,6,scan,port_scan
2025-09-03 10:37:53,45.227.253.108,192.168.1.40,47118,56,40,6,scan,port_scan
2025-09-03 10:37:53,185.130.5.253,192.168.1.160,60521,682,40,6,scan,port_scan
2025-09-03 10:37:53,185.130.5.253,192.168.1.144,45879,663,40,6,scan,port_scan
2025-09-03 10:37:53,45.227.253.108,192.168.1.109,6970,538,40,6,scan,port_scan
2025-09-03 10:37:53,45.227.253.108,192.168.1.54,24158,725,40,6,scan,port_scan
2025-09-03 10:37:53,185.130.5.253,192.168.1.115,7564,269,40,6,scan,port_scan
